video_id,video_path,label_id,label,display_label,category,modality,signer_id,take,enabled,fps,frames,duration
000_001,c:\Projects\signia-fsl-recognition\dynamic_raw\0\0.MOV,0,GOOD MORNING,Good Morning,GREETING,dynamic,unknown,1,True,60.0,245,4.083333333333333
000_002,c:\Projects\signia-fsl-recognition\dynamic_raw\0\1.MOV,0,GOOD MORNING,Good Morning,GREETING,dynamic,unknown,2,True,60.0,244,4.066666666666666
000_003,c:\Projects\signia-fsl-recognition\dynamic_raw\0\10.MOV,0,GOOD MORNING,Good Morning,GREETING,dynamic,unknown,3,True,60.0,245,4.083333333333333
000_004,c:\Projects\signia-fsl-recognition\dynamic_raw\0\11.MOV,0,GOOD MORNING,Good Morning,GREETING,dynamic,unknown,4,True,60.0,244,4.066666666666666
000_005,c:\Projects\signia-fsl-recognition\dynamic_raw\0\12.MOV,0,GOOD MORNING,Good Morning,GREETING,dynamic,unknown,5,True,60.0,244,4.066666666666666
000_006,c:\Projects\signia-fsl-recognition\dynamic_raw\0\13.MOV,0,GOOD MORNING,Good Morning,GREETING,dynamic,unknown,6,True,60.0,244,4.066666666666666
000_007,c:\Projects\signia-fsl-recognition\dynamic_raw\0\14.MOV,0,GOOD MORNING,Good Morning,GREETING,dynamic,unknown,7,True,60.0,244,4.066666666666666
000_008,c:\Projects\signia-fsl-recognition\dynamic_raw\0\15.MOV,0,GOOD MORNING,Good Morning,GREETING,dynamic,unknown,8,True,60.0,244,4.066666666666666
000_009,c:\Projects\signia-fsl-recognition\dynamic_raw\0\16.MOV,0,GOOD MORNING,Good Morning,GREETING,dynamic,unknown,9,True,60.0,244,4.066666666666666
000_010,c:\Projects\signia-fsl-recognition\dynamic_raw\0\17.MOV,0,GOOD MORNING,Good Morning,GREETING,dynamic,unknown,10,True,60.0,244,4.066666666666666
000_011,c:\Projects\signia-fsl-recognition\dynamic_raw\0\18.MOV,0,GOOD MORNING,Good Morning,GREETING,dynamic,unknown,11,True,60.0,244,4.066666666666666
000_012,c:\Projects\signia-fsl-recognition\dynamic_raw\0\19.MOV,0,GOOD MORNING,Good Morning,GREETING,dynamic,unknown,12,True,60.0,244,4.066666666666666
000_013,c:\Projects\signia-fsl-recognition\dynamic_raw\0\2.MOV,0,GOOD MORNING,Good Morning,GREETING,dynamic,unknown,13,True,60.0,244,4.066666666666666
000_014,c:\Projects\signia-fsl-recognition\dynamic_raw\0\3.MOV,0,GOOD MORNING,Good Morning,GREETING,dynamic,unknown,14,True,60.0,244,4.066666666666666
000_015,c:\Projects\signia-fsl-recognition\dynamic_raw\0\4.MOV,0,GOOD MORNING,Good Morning,GREETING,dynamic,unknown,15,True,60.0,244,4.066666666666666
000_016,c:\Projects\signia-fsl-recognition\dynamic_raw\0\5.MOV,0,GOOD MORNING,Good Morning,GREETING,dynamic,unknown,16,True,60.0,245,4.083333333333333
000_017,c:\Projects\signia-fsl-recognition\dynamic_raw\0\6.MOV,0,GOOD MORNING,Good Morning,GREETING,dynamic,unknown,17,True,60.0,245,4.083333333333333
000_018,c:\Projects\signia-fsl-recognition\dynamic_raw\0\7.MOV,0,GOOD MORNING,Good Morning,GREETING,dynamic,unknown,18,True,60.0,244,4.066666666666666
000_019,c:\Projects\signia-fsl-recognition\dynamic_raw\0\8.MOV,0,GOOD MORNING,Good Morning,GREETING,dynamic,unknown,19,True,60.0,244,4.066666666666666
000_020,c:\Projects\signia-fsl-recognition\dynamic_raw\0\9.MOV,0,GOOD MORNING,Good Morning,GREETING,dynamic,unknown,20,True,60.0,244,4.066666666666666
001_001,c:\Projects\signia-fsl-recognition\dynamic_raw\1\0.MOV,1,GOOD AFTERNOON,Good Afternoon,GREETING,dynamic,unknown,1,True,60.0,244,4.066666666666666
001_002,c:\Projects\signia-fsl-recognition\dynamic_raw\1\1.MOV,1,GOOD AFTERNOON,Good Afternoon,GREETING,dynamic,unknown,2,True,60.0,244,4.066666666666666
001_003,c:\Projects\signia-fsl-recognition\dynamic_raw\1\10.MOV,1,GOOD AFTERNOON,Good Afternoon,GREETING,dynamic,unknown,3,True,60.0,244,4.066666666666666
001_004,c:\Projects\signia-fsl-recognition\dynamic_raw\1\11.MOV,1,GOOD AFTERNOON,Good Afternoon,GREETING,dynamic,unknown,4,True,60.0,244,4.066666666666666
001_005,c:\Projects\signia-fsl-recognition\dynamic_raw\1\12.MOV,1,GOOD AFTERNOON,Good Afternoon,GREETING,dynamic,unknown,5,True,60.0,244,4.066666666666666
001_006,c:\Projects\signia-fsl-recognition\dynamic_raw\1\13.MOV,1,GOOD AFTERNOON,Good Afternoon,GREETING,dynamic,unknown,6,True,60.0,244,4.066666666666666
001_007,c:\Projects\signia-fsl-recognition\dynamic_raw\1\14.MOV,1,GOOD AFTERNOON,Good Afternoon,GREETING,dynamic,unknown,7,True,60.0,244,4.066666666666666
001_008,c:\Projects\signia-fsl-recognition\dynamic_raw\1\15.MOV,1,GOOD AFTERNOON,Good Afternoon,GREETING,dynamic,unknown,8,True,60.0,244,4.066666666666666
001_009,c:\Projects\signia-fsl-recognition\dynamic_raw\1\16.MOV,1,GOOD AFTERNOON,Good Afternoon,GREETING,dynamic,unknown,9,True,60.0,244,4.066666666666666
001_010,c:\Projects\signia-fsl-recognition\dynamic_raw\1\17.MOV,1,GOOD AFTERNOON,Good Afternoon,GREETING,dynamic,unknown,10,True,60.0,244,4.066666666666666
001_011,c:\Projects\signia-fsl-recognition\dynamic_raw\1\18.MOV,1,GOOD AFTERNOON,Good Afternoon,GREETING,dynamic,unknown,11,True,60.0,244,4.066666666666666
001_012,c:\Projects\signia-fsl-recognition\dynamic_raw\1\19.MOV,1,GOOD AFTERNOON,Good Afternoon,GREETING,dynamic,unknown,12,True,60.0,244,4.066666666666666
001_013,c:\Projects\signia-fsl-recognition\dynamic_raw\1\2.MOV,1,GOOD AFTERNOON,Good Afternoon,GREETING,dynamic,unknown,13,True,60.0,244,4.066666666666666
001_014,c:\Projects\signia-fsl-recognition\dynamic_raw\1\20.MOV,1,GOOD AFTERNOON,Good Afternoon,GREETING,dynamic,unknown,14,True,60.0,244,4.066666666666666
001_015,c:\Projects\signia-fsl-recognition\dynamic_raw\1\3.MOV,1,GOOD AFTERNOON,Good Afternoon,GREETING,dynamic,unknown,15,True,60.0,244,4.066666666666666
001_016,c:\Projects\signia-fsl-recognition\dynamic_raw\1\4.MOV,1,GOOD AFTERNOON,Good Afternoon,GREETING,dynamic,unknown,16,True,60.0,244,4.066666666666666
001_017,c:\Projects\signia-fsl-recognition\dynamic_raw\1\5.MOV,1,GOOD AFTERNOON,Good Afternoon,GREETING,dynamic,unknown,17,True,60.0,244,4.066666666666666
001_018,c:\Projects\signia-fsl-recognition\dynamic_raw\1\6.MOV,1,GOOD AFTERNOON,Good Afternoon,GREETING,dynamic,unknown,18,True,60.0,244,4.066666666666666
001_019,c:\Projects\signia-fsl-recognition\dynamic_raw\1\7.MOV,1,GOOD AFTERNOON,Good Afternoon,GREETING,dynamic,unknown,19,True,60.0,244,4.066666666666666
001_020,c:\Projects\signia-fsl-recognition\dynamic_raw\1\8.MOV,1,GOOD AFTERNOON,Good Afternoon,GREETING,dynamic,unknown,20,True,60.0,244,4.066666666666666
001_021,c:\Projects\signia-fsl-recognition\dynamic_raw\1\9.MOV,1,GOOD AFTERNOON,Good Afternoon,GREETING,dynamic,unknown,21,True,60.0,244,4.066666666666666
002_001,c:\Projects\signia-fsl-recognition\dynamic_raw\2\0.MOV,2,GOOD EVENING,Good Evening,GREETING,dynamic,unknown,1,True,60.0,244,4.066666666666666
002_002,c:\Projects\signia-fsl-recognition\dynamic_raw\2\1.MOV,2,GOOD EVENING,Good Evening,GREETING,dynamic,unknown,2,True,60.0,244,4.066666666666666
002_003,c:\Projects\signia-fsl-recognition\dynamic_raw\2\10.MOV,2,GOOD EVENING,Good Evening,GREETING,dynamic,unknown,3,True,60.0,244,4.066666666666666
002_004,c:\Projects\signia-fsl-recognition\dynamic_raw\2\11.MOV,2,GOOD EVENING,Good Evening,GREETING,dynamic,unknown,4,True,60.0,244,4.066666666666666
002_005,c:\Projects\signia-fsl-recognition\dynamic_raw\2\12.MOV,2,GOOD EVENING,Good Evening,GREETING,dynamic,unknown,5,True,60.0,244,4.066666666666666
002_006,c:\Projects\signia-fsl-recognition\dynamic_raw\2\13.MOV,2,GOOD EVENING,Good Evening,GREETING,dynamic,unknown,6,True,60.0,244,4.066666666666666
002_007,c:\Projects\signia-fsl-recognition\dynamic_raw\2\14.MOV,2,GOOD EVENING,Good Evening,GREETING,dynamic,unknown,7,True,60.0,244,4.066666666666666
002_008,c:\Projects\signia-fsl-recognition\dynamic_raw\2\15.MOV,2,GOOD EVENING,Good Evening,GREETING,dynamic,unknown,8,True,60.0,244,4.066666666666666
002_009,c:\Projects\signia-fsl-recognition\dynamic_raw\2\16.MOV,2,GOOD EVENING,Good Evening,GREETING,dynamic,unknown,9,True,60.0,244,4.066666666666666
002_010,c:\Projects\signia-fsl-recognition\dynamic_raw\2\17.MOV,2,GOOD EVENING,Good Evening,GREETING,dynamic,unknown,10,True,60.0,244,4.066666666666666
002_011,c:\Projects\signia-fsl-recognition\dynamic_raw\2\18.MOV,2,GOOD EVENING,Good Evening,GREETING,dynamic,unknown,11,True,60.0,244,4.066666666666666
002_012,c:\Projects\signia-fsl-recognition\dynamic_raw\2\19.MOV,2,GOOD EVENING,Good Evening,GREETING,dynamic,unknown,12,True,60.0,244,4.066666666666666
002_013,c:\Projects\signia-fsl-recognition\dynamic_raw\2\2.MOV,2,GOOD EVENING,Good Evening,GREETING,dynamic,unknown,13,True,60.0,244,4.066666666666666
002_014,c:\Projects\signia-fsl-recognition\dynamic_raw\2\20.MOV,2,GOOD EVENING,Good Evening,GREETING,dynamic,unknown,14,True,60.0,244,4.066666666666666
002_015,c:\Projects\signia-fsl-recognition\dynamic_raw\2\21.MOV,2,GOOD EVENING,Good Evening,GREETING,dynamic,unknown,15,True,60.0,244,4.066666666666666
002_016,c:\Projects\signia-fsl-recognition\dynamic_raw\2\3.MOV,2,GOOD EVENING,Good Evening,GREETING,dynamic,unknown,16,True,60.0,244,4.066666666666666
002_017,c:\Projects\signia-fsl-recognition\dynamic_raw\2\4.MOV,2,GOOD EVENING,Good Evening,GREETING,dynamic,unknown,17,True,60.0,244,4.066666666666666
002_018,c:\Projects\signia-fsl-recognition\dynamic_raw\2\5.MOV,2,GOOD EVENING,Good Evening,GREETING,dynamic,unknown,18,True,60.0,244,4.066666666666666
002_019,c:\Projects\signia-fsl-recognition\dynamic_raw\2\6.MOV,2,GOOD EVENING,Good Evening,GREETING,dynamic,unknown,19,True,60.0,244,4.066666666666666
002_020,c:\Projects\signia-fsl-recognition\dynamic_raw\2\7.MOV,2,GOOD EVENING,Good Evening,GREETING,dynamic,unknown,20,True,60.0,244,4.066666666666666
002_021,c:\Projects\signia-fsl-recognition\dynamic_raw\2\8.MOV,2,GOOD EVENING,Good Evening,GREETING,dynamic,unknown,21,True,60.0,244,4.066666666666666
002_022,c:\Projects\signia-fsl-recognition\dynamic_raw\2\9.MOV,2,GOOD EVENING,Good Evening,GREETING,dynamic,unknown,22,True,60.0,244,4.066666666666666
003_001,c:\Projects\signia-fsl-recognition\dynamic_raw\3\0.MOV,3,HELLO,Hello,GREETING,dynamic,unknown,1,True,60.0,244,4.066666666666666
003_002,c:\Projects\signia-fsl-recognition\dynamic_raw\3\1.MOV,3,HELLO,Hello,GREETING,dynamic,unknown,2,True,60.0,244,4.066666666666666
003_003,c:\Projects\signia-fsl-recognition\dynamic_raw\3\10.MOV,3,HELLO,Hello,GREETING,dynamic,unknown,3,True,60.0,244,4.066666666666666
003_004,c:\Projects\signia-fsl-recognition\dynamic_raw\3\11.MOV,3,HELLO,Hello,GREETING,dynamic,unknown,4,True,60.0,244,4.066666666666666
003_005,c:\Projects\signia-fsl-recognition\dynamic_raw\3\12.MOV,3,HELLO,Hello,GREETING,dynamic,unknown,5,True,60.0,244,4.066666666666666
003_006,c:\Projects\signia-fsl-recognition\dynamic_raw\3\13.MOV,3,HELLO,Hello,GREETING,dynamic,unknown,6,True,60.0,244,4.066666666666666
003_007,c:\Projects\signia-fsl-recognition\dynamic_raw\3\14.MOV,3,HELLO,Hello,GREETING,dynamic,unknown,7,True,60.0,244,4.066666666666666
003_008,c:\Projects\signia-fsl-recognition\dynamic_raw\3\15.MOV,3,HELLO,Hello,GREETING,dynamic,unknown,8,True,60.0,244,4.066666666666666
003_009,c:\Projects\signia-fsl-recognition\dynamic_raw\3\16.MOV,3,HELLO,Hello,GREETING,dynamic,unknown,9,True,60.0,244,4.066666666666666
003_010,c:\Projects\signia-fsl-recognition\dynamic_raw\3\17.MOV,3,HELLO,Hello,GREETING,dynamic,unknown,10,True,60.0,244,4.066666666666666
003_011,c:\Projects\signia-fsl-recognition\dynamic_raw\3\18.MOV,3,HELLO,Hello,GREETING,dynamic,unknown,11,True,60.0,244,4.066666666666666
003_012,c:\Projects\signia-fsl-recognition\dynamic_raw\3\19.MOV,3,HELLO,Hello,GREETING,dynamic,unknown,12,True,60.0,243,4.05
003_013,c:\Projects\signia-fsl-recognition\dynamic_raw\3\2.MOV,3,HELLO,Hello,GREETING,dynamic,unknown,13,True,60.0,244,4.066666666666666
003_014,c:\Projects\signia-fsl-recognition\dynamic_raw\3\3.MOV,3,HELLO,Hello,GREETING,dynamic,unknown,14,True,60.0,244,4.066666666666666
003_015,c:\Projects\signia-fsl-recognition\dynamic_raw\3\4.MOV,3,HELLO,Hello,GREETING,dynamic,unknown,15,True,60.0,244,4.066666666666666
003_016,c:\Projects\signia-fsl-recognition\dynamic_raw\3\5.MOV,3,HELLO,Hello,GREETING,dynamic,unknown,16,True,60.0,244,4.066666666666666
003_017,c:\Projects\signia-fsl-recognition\dynamic_raw\3\6.MOV,3,HELLO,Hello,GREETING,dynamic,unknown,17,True,60.0,244,4.066666666666666
003_018,c:\Projects\signia-fsl-recognition\dynamic_raw\3\7.MOV,3,HELLO,Hello,GREETING,dynamic,unknown,18,True,60.0,244,4.066666666666666
003_019,c:\Projects\signia-fsl-recognition\dynamic_raw\3\8.MOV,3,HELLO,Hello,GREETING,dynamic,unknown,19,True,60.0,244,4.066666666666666
003_020,c:\Projects\signia-fsl-recognition\dynamic_raw\3\9.MOV,3,HELLO,Hello,GREETING,dynamic,unknown,20,True,60.0,244,4.066666666666666
004_001,c:\Projects\signia-fsl-recognition\dynamic_raw\4\0.MOV,4,HOW ARE YOU,How Are You,GREETING,dynamic,unknown,1,True,60.0,244,4.066666666666666
004_002,c:\Projects\signia-fsl-recognition\dynamic_raw\4\1.MOV,4,HOW ARE YOU,How Are You,GREETING,dynamic,unknown,2,True,60.0,243,4.05
004_003,c:\Projects\signia-fsl-recognition\dynamic_raw\4\10.MOV,4,HOW ARE YOU,How Are You,GREETING,dynamic,unknown,3,True,60.0,244,4.066666666666666
004_004,c:\Projects\signia-fsl-recognition\dynamic_raw\4\11.MOV,4,HOW ARE YOU,How Are You,GREETING,dynamic,unknown,4,True,60.0,244,4.066666666666666
004_005,c:\Projects\signia-fsl-recognition\dynamic_raw\4\12.MOV,4,HOW ARE YOU,How Are You,GREETING,dynamic,unknown,5,True,60.0,244,4.066666666666666
004_006,c:\Projects\signia-fsl-recognition\dynamic_raw\4\13.MOV,4,HOW ARE YOU,How Are You,GREETING,dynamic,unknown,6,True,60.0,243,4.05
004_007,c:\Projects\signia-fsl-recognition\dynamic_raw\4\14.MOV,4,HOW ARE YOU,How Are You,GREETING,dynamic,unknown,7,True,60.0,243,4.05
004_008,c:\Projects\signia-fsl-recognition\dynamic_raw\4\15.MOV,4,HOW ARE YOU,How Are You,GREETING,dynamic,unknown,8,True,60.0,243,4.05
004_009,c:\Projects\signia-fsl-recognition\dynamic_raw\4\16.MOV,4,HOW ARE YOU,How Are You,GREETING,dynamic,unknown,9,True,60.0,243,4.05
004_010,c:\Projects\signia-fsl-recognition\dynamic_raw\4\17.MOV,4,HOW ARE YOU,How Are You,GREETING,dynamic,unknown,10,True,60.0,243,4.05
004_011,c:\Projects\signia-fsl-recognition\dynamic_raw\4\18.MOV,4,HOW ARE YOU,How Are You,GREETING,dynamic,unknown,11,True,60.0,243,4.05
004_012,c:\Projects\signia-fsl-recognition\dynamic_raw\4\19.MOV,4,HOW ARE YOU,How Are You,GREETING,dynamic,unknown,12,True,60.0,243,4.05
004_013,c:\Projects\signia-fsl-recognition\dynamic_raw\4\2.MOV,4,HOW ARE YOU,How Are You,GREETING,dynamic,unknown,13,True,60.0,243,4.05
004_014,c:\Projects\signia-fsl-recognition\dynamic_raw\4\20.MOV,4,HOW ARE YOU,How Are You,GREETING,dynamic,unknown,14,True,60.0,243,4.05
004_015,c:\Projects\signia-fsl-recognition\dynamic_raw\4\3.MOV,4,HOW ARE YOU,How Are You,GREETING,dynamic,unknown,15,True,60.0,243,4.05
004_016,c:\Projects\signia-fsl-recognition\dynamic_raw\4\4.MOV,4,HOW ARE YOU,How Are You,GREETING,dynamic,unknown,16,True,60.0,243,4.05
004_017,c:\Projects\signia-fsl-recognition\dynamic_raw\4\5.MOV,4,HOW ARE YOU,How Are You,GREETING,dynamic,unknown,17,True,60.0,244,4.066666666666666
004_018,c:\Projects\signia-fsl-recognition\dynamic_raw\4\6.MOV,4,HOW ARE YOU,How Are You,GREETING,dynamic,unknown,18,True,60.0,244,4.066666666666666
004_019,c:\Projects\signia-fsl-recognition\dynamic_raw\4\7.MOV,4,HOW ARE YOU,How Are You,GREETING,dynamic,unknown,19,True,60.0,244,4.066666666666666
004_020,c:\Projects\signia-fsl-recognition\dynamic_raw\4\8.MOV,4,HOW ARE YOU,How Are You,GREETING,dynamic,unknown,20,True,60.0,244,4.066666666666666
004_021,c:\Projects\signia-fsl-recognition\dynamic_raw\4\9.MOV,4,HOW ARE YOU,How Are You,GREETING,dynamic,unknown,21,True,60.0,244,4.066666666666666
005_001,c:\Projects\signia-fsl-recognition\dynamic_raw\5\0.MOV,5,IM FINE,I'm Fine,GREETING,dynamic,unknown,1,True,60.0,243,4.05
005_002,c:\Projects\signia-fsl-recognition\dynamic_raw\5\1.MOV,5,IM FINE,I'm Fine,GREETING,dynamic,unknown,2,True,60.0,243,4.05
005_003,c:\Projects\signia-fsl-recognition\dynamic_raw\5\10.MOV,5,IM FINE,I'm Fine,GREETING,dynamic,unknown,3,True,60.0,243,4.05
005_004,c:\Projects\signia-fsl-recognition\dynamic_raw\5\11.MOV,5,IM FINE,I'm Fine,GREETING,dynamic,unknown,4,True,60.0,243,4.05
005_005,c:\Projects\signia-fsl-recognition\dynamic_raw\5\12.MOV,5,IM FINE,I'm Fine,GREETING,dynamic,unknown,5,True,60.0,243,4.05
005_006,c:\Projects\signia-fsl-recognition\dynamic_raw\5\13.MOV,5,IM FINE,I'm Fine,GREETING,dynamic,unknown,6,True,60.0,243,4.05
005_007,c:\Projects\signia-fsl-recognition\dynamic_raw\5\14.MOV,5,IM FINE,I'm Fine,GREETING,dynamic,unknown,7,True,60.0,243,4.05
005_008,c:\Projects\signia-fsl-recognition\dynamic_raw\5\15.MOV,5,IM FINE,I'm Fine,GREETING,dynamic,unknown,8,True,60.0,243,4.05
005_009,c:\Projects\signia-fsl-recognition\dynamic_raw\5\16.MOV,5,IM FINE,I'm Fine,GREETING,dynamic,unknown,9,True,60.0,243,4.05
005_010,c:\Projects\signia-fsl-recognition\dynamic_raw\5\17.MOV,5,IM FINE,I'm Fine,GREETING,dynamic,unknown,10,True,60.0,243,4.05
005_011,c:\Projects\signia-fsl-recognition\dynamic_raw\5\18.MOV,5,IM FINE,I'm Fine,GREETING,dynamic,unknown,11,True,60.0,243,4.05
005_012,c:\Projects\signia-fsl-recognition\dynamic_raw\5\19.MOV,5,IM FINE,I'm Fine,GREETING,dynamic,unknown,12,True,60.0,243,4.05
005_013,c:\Projects\signia-fsl-recognition\dynamic_raw\5\2.MOV,5,IM FINE,I'm Fine,GREETING,dynamic,unknown,13,True,60.0,243,4.05
005_014,c:\Projects\signia-fsl-recognition\dynamic_raw\5\3.MOV,5,IM FINE,I'm Fine,GREETING,dynamic,unknown,14,True,60.0,243,4.05
005_015,c:\Projects\signia-fsl-recognition\dynamic_raw\5\4.MOV,5,IM FINE,I'm Fine,GREETING,dynamic,unknown,15,True,60.0,243,4.05
005_016,c:\Projects\signia-fsl-recognition\dynamic_raw\5\5.MOV,5,IM FINE,I'm Fine,GREETING,dynamic,unknown,16,True,60.0,243,4.05
005_017,c:\Projects\signia-fsl-recognition\dynamic_raw\5\6.MOV,5,IM FINE,I'm Fine,GREETING,dynamic,unknown,17,True,60.0,243,4.05
005_018,c:\Projects\signia-fsl-recognition\dynamic_raw\5\7.MOV,5,IM FINE,I'm Fine,GREETING,dynamic,unknown,18,True,60.0,243,4.05
005_019,c:\Projects\signia-fsl-recognition\dynamic_raw\5\8.MOV,5,IM FINE,I'm Fine,GREETING,dynamic,unknown,19,True,60.0,243,4.05
005_020,c:\Projects\signia-fsl-recognition\dynamic_raw\5\9.MOV,5,IM FINE,I'm Fine,GREETING,dynamic,unknown,20,True,60.0,243,4.05
006_001,c:\Projects\signia-fsl-recognition\dynamic_raw\6\0.MOV,6,NICE TO MEET YOU,Nice To Meet You,GREETING,dynamic,unknown,1,True,60.0,243,4.05
006_002,c:\Projects\signia-fsl-recognition\dynamic_raw\6\1.MOV,6,NICE TO MEET YOU,Nice To Meet You,GREETING,dynamic,unknown,2,True,60.0,243,4.05
006_003,c:\Projects\signia-fsl-recognition\dynamic_raw\6\10.MOV,6,NICE TO MEET YOU,Nice To Meet You,GREETING,dynamic,unknown,3,True,60.0,243,4.05
006_004,c:\Projects\signia-fsl-recognition\dynamic_raw\6\11.MOV,6,NICE TO MEET YOU,Nice To Meet You,GREETING,dynamic,unknown,4,True,60.0,243,4.05
006_005,c:\Projects\signia-fsl-recognition\dynamic_raw\6\12.MOV,6,NICE TO MEET YOU,Nice To Meet You,GREETING,dynamic,unknown,5,True,60.0,243,4.05
006_006,c:\Projects\signia-fsl-recognition\dynamic_raw\6\13.MOV,6,NICE TO MEET YOU,Nice To Meet You,GREETING,dynamic,unknown,6,True,60.0,243,4.05
006_007,c:\Projects\signia-fsl-recognition\dynamic_raw\6\14.MOV,6,NICE TO MEET YOU,Nice To Meet You,GREETING,dynamic,unknown,7,True,60.0,243,4.05
006_008,c:\Projects\signia-fsl-recognition\dynamic_raw\6\15.MOV,6,NICE TO MEET YOU,Nice To Meet You,GREETING,dynamic,unknown,8,True,60.0,243,4.05
006_009,c:\Projects\signia-fsl-recognition\dynamic_raw\6\16.MOV,6,NICE TO MEET YOU,Nice To Meet You,GREETING,dynamic,unknown,9,True,60.0,243,4.05
006_010,c:\Projects\signia-fsl-recognition\dynamic_raw\6\17.MOV,6,NICE TO MEET YOU,Nice To Meet You,GREETING,dynamic,unknown,10,True,60.0,243,4.05
006_011,c:\Projects\signia-fsl-recognition\dynamic_raw\6\18.MOV,6,NICE TO MEET YOU,Nice To Meet You,GREETING,dynamic,unknown,11,True,60.0,243,4.05
006_012,c:\Projects\signia-fsl-recognition\dynamic_raw\6\19.MOV,6,NICE TO MEET YOU,Nice To Meet You,GREETING,dynamic,unknown,12,True,60.0,243,4.05
006_013,c:\Projects\signia-fsl-recognition\dynamic_raw\6\2.MOV,6,NICE TO MEET YOU,Nice To Meet You,GREETING,dynamic,unknown,13,True,60.0,243,4.05
006_014,c:\Projects\signia-fsl-recognition\dynamic_raw\6\20.MOV,6,NICE TO MEET YOU,Nice To Meet You,GREETING,dynamic,unknown,14,True,60.0,243,4.05
006_015,c:\Projects\signia-fsl-recognition\dynamic_raw\6\21.MOV,6,NICE TO MEET YOU,Nice To Meet You,GREETING,dynamic,unknown,15,True,60.0,243,4.05
006_016,c:\Projects\signia-fsl-recognition\dynamic_raw\6\3.MOV,6,NICE TO MEET YOU,Nice To Meet You,GREETING,dynamic,unknown,16,True,60.0,243,4.05
006_017,c:\Projects\signia-fsl-recognition\dynamic_raw\6\4.MOV,6,NICE TO MEET YOU,Nice To Meet You,GREETING,dynamic,unknown,17,True,60.0,243,4.05
006_018,c:\Projects\signia-fsl-recognition\dynamic_raw\6\5.MOV,6,NICE TO MEET YOU,Nice To Meet You,GREETING,dynamic,unknown,18,True,60.0,243,4.05
006_019,c:\Projects\signia-fsl-recognition\dynamic_raw\6\6.MOV,6,NICE TO MEET YOU,Nice To Meet You,GREETING,dynamic,unknown,19,True,60.0,243,4.05
006_020,c:\Projects\signia-fsl-recognition\dynamic_raw\6\7.MOV,6,NICE TO MEET YOU,Nice To Meet You,GREETING,dynamic,unknown,20,True,60.0,243,4.05
006_021,c:\Projects\signia-fsl-recognition\dynamic_raw\6\8.MOV,6,NICE TO MEET YOU,Nice To Meet You,GREETING,dynamic,unknown,21,True,60.0,243,4.05
006_022,c:\Projects\signia-fsl-recognition\dynamic_raw\6\9.MOV,6,NICE TO MEET YOU,Nice To Meet You,GREETING,dynamic,unknown,22,True,60.0,243,4.05
007_001,c:\Projects\signia-fsl-recognition\dynamic_raw\7\0.MOV,7,THANK YOU,Thank You,GREETING,dynamic,unknown,1,True,60.0,243,4.05
007_002,c:\Projects\signia-fsl-recognition\dynamic_raw\7\1.MOV,7,THANK YOU,Thank You,GREETING,dynamic,unknown,2,True,60.0,243,4.05
007_003,c:\Projects\signia-fsl-recognition\dynamic_raw\7\10.MOV,7,THANK YOU,Thank You,GREETING,dynamic,unknown,3,True,60.0,243,4.05
007_004,c:\Projects\signia-fsl-recognition\dynamic_raw\7\11.MOV,7,THANK YOU,Thank You,GREETING,dynamic,unknown,4,True,60.0,243,4.05
007_005,c:\Projects\signia-fsl-recognition\dynamic_raw\7\12.MOV,7,THANK YOU,Thank You,GREETING,dynamic,unknown,5,True,60.0,243,4.05
007_006,c:\Projects\signia-fsl-recognition\dynamic_raw\7\13.MOV,7,THANK YOU,Thank You,GREETING,dynamic,unknown,6,True,60.0,243,4.05
007_007,c:\Projects\signia-fsl-recognition\dynamic_raw\7\14.MOV,7,THANK YOU,Thank You,GREETING,dynamic,unknown,7,True,60.0,243,4.05
007_008,c:\Projects\signia-fsl-recognition\dynamic_raw\7\15.MOV,7,THANK YOU,Thank You,GREETING,dynamic,unknown,8,True,60.0,243,4.05
007_009,c:\Projects\signia-fsl-recognition\dynamic_raw\7\16.MOV,7,THANK YOU,Thank You,GREETING,dynamic,unknown,9,True,60.0,243,4.05
007_010,c:\Projects\signia-fsl-recognition\dynamic_raw\7\17.MOV,7,THANK YOU,Thank You,GREETING,dynamic,unknown,10,True,60.0,242,4.033333333333333
007_011,c:\Projects\signia-fsl-recognition\dynamic_raw\7\18.MOV,7,THANK YOU,Thank You,GREETING,dynamic,unknown,11,True,60.0,242,4.033333333333333
007_012,c:\Projects\signia-fsl-recognition\dynamic_raw\7\19.MOV,7,THANK YOU,Thank You,GREETING,dynamic,unknown,12,True,60.0,242,4.033333333333333
007_013,c:\Projects\signia-fsl-recognition\dynamic_raw\7\2.MOV,7,THANK YOU,Thank You,GREETING,dynamic,unknown,13,True,60.0,243,4.05
007_014,c:\Projects\signia-fsl-recognition\dynamic_raw\7\3.MOV,7,THANK YOU,Thank You,GREETING,dynamic,unknown,14,True,60.0,243,4.05
007_015,c:\Projects\signia-fsl-recognition\dynamic_raw\7\4.MOV,7,THANK YOU,Thank You,GREETING,dynamic,unknown,15,True,60.0,243,4.05
007_016,c:\Projects\signia-fsl-recognition\dynamic_raw\7\5.MOV,7,THANK YOU,Thank You,GREETING,dynamic,unknown,16,True,60.0,243,4.05
007_017,c:\Projects\signia-fsl-recognition\dynamic_raw\7\6.MOV,7,THANK YOU,Thank You,GREETING,dynamic,unknown,17,True,60.0,243,4.05
007_018,c:\Projects\signia-fsl-recognition\dynamic_raw\7\7.MOV,7,THANK YOU,Thank You,GREETING,dynamic,unknown,18,True,60.0,243,4.05
007_019,c:\Projects\signia-fsl-recognition\dynamic_raw\7\8.MOV,7,THANK YOU,Thank You,GREETING,dynamic,unknown,19,True,60.0,243,4.05
007_020,c:\Projects\signia-fsl-recognition\dynamic_raw\7\9.MOV,7,THANK YOU,Thank You,GREETING,dynamic,unknown,20,True,60.0,243,4.05
008_001,c:\Projects\signia-fsl-recognition\dynamic_raw\8\0.MOV,8,YOURE WELCOME,You're Welcome,GREETING,dynamic,unknown,1,True,60.0,243,4.05
008_002,c:\Projects\signia-fsl-recognition\dynamic_raw\8\1.MOV,8,YOURE WELCOME,You're Welcome,GREETING,dynamic,unknown,2,True,60.0,243,4.05
008_003,c:\Projects\signia-fsl-recognition\dynamic_raw\8\10.MOV,8,YOURE WELCOME,You're Welcome,GREETING,dynamic,unknown,3,True,60.0,243,4.05
008_004,c:\Projects\signia-fsl-recognition\dynamic_raw\8\11.MOV,8,YOURE WELCOME,You're Welcome,GREETING,dynamic,unknown,4,True,60.0,243,4.05
008_005,c:\Projects\signia-fsl-recognition\dynamic_raw\8\12.MOV,8,YOURE WELCOME,You're Welcome,GREETING,dynamic,unknown,5,True,60.0,243,4.05
008_006,c:\Projects\signia-fsl-recognition\dynamic_raw\8\13.MOV,8,YOURE WELCOME,You're Welcome,GREETING,dynamic,unknown,6,True,60.0,243,4.05
008_007,c:\Projects\signia-fsl-recognition\dynamic_raw\8\14.MOV,8,YOURE WELCOME,You're Welcome,GREETING,dynamic,unknown,7,True,60.0,243,4.05
008_008,c:\Projects\signia-fsl-recognition\dynamic_raw\8\15.MOV,8,YOURE WELCOME,You're Welcome,GREETING,dynamic,unknown,8,True,60.0,242,4.033333333333333
008_009,c:\Projects\signia-fsl-recognition\dynamic_raw\8\16.MOV,8,YOURE WELCOME,You're Welcome,GREETING,dynamic,unknown,9,True,60.0,242,4.033333333333333
008_010,c:\Projects\signia-fsl-recognition\dynamic_raw\8\17.MOV,8,YOURE WELCOME,You're Welcome,GREETING,dynamic,unknown,10,True,60.0,242,4.033333333333333
008_011,c:\Projects\signia-fsl-recognition\dynamic_raw\8\18.MOV,8,YOURE WELCOME,You're Welcome,GREETING,dynamic,unknown,11,True,60.0,242,4.033333333333333
008_012,c:\Projects\signia-fsl-recognition\dynamic_raw\8\19.MOV,8,YOURE WELCOME,You're Welcome,GREETING,dynamic,unknown,12,True,60.0,243,4.05
008_013,c:\Projects\signia-fsl-recognition\dynamic_raw\8\2.MOV,8,YOURE WELCOME,You're Welcome,GREETING,dynamic,unknown,13,True,60.0,243,4.05
008_014,c:\Projects\signia-fsl-recognition\dynamic_raw\8\3.MOV,8,YOURE WELCOME,You're Welcome,GREETING,dynamic,unknown,14,True,60.0,242,4.033333333333333
008_015,c:\Projects\signia-fsl-recognition\dynamic_raw\8\4.MOV,8,YOURE WELCOME,You're Welcome,GREETING,dynamic,unknown,15,True,60.0,242,4.033333333333333
008_016,c:\Projects\signia-fsl-recognition\dynamic_raw\8\5.MOV,8,YOURE WELCOME,You're Welcome,GREETING,dynamic,unknown,16,True,60.0,243,4.05
008_017,c:\Projects\signia-fsl-recognition\dynamic_raw\8\6.MOV,8,YOURE WELCOME,You're Welcome,GREETING,dynamic,unknown,17,True,60.0,243,4.05
008_018,c:\Projects\signia-fsl-recognition\dynamic_raw\8\7.MOV,8,YOURE WELCOME,You're Welcome,GREETING,dynamic,unknown,18,True,60.0,243,4.05
008_019,c:\Projects\signia-fsl-recognition\dynamic_raw\8\8.MOV,8,YOURE WELCOME,You're Welcome,GREETING,dynamic,unknown,19,True,60.0,243,4.05
008_020,c:\Projects\signia-fsl-recognition\dynamic_raw\8\9.MOV,8,YOURE WELCOME,You're Welcome,GREETING,dynamic,unknown,20,True,60.0,243,4.05
009_001,c:\Projects\signia-fsl-recognition\dynamic_raw\9\0.MOV,9,SEE YOU TOMORROW,See You Tomorrow,GREETING,dynamic,unknown,1,True,60.0,242,4.033333333333333
009_002,c:\Projects\signia-fsl-recognition\dynamic_raw\9\1.MOV,9,SEE YOU TOMORROW,See You Tomorrow,GREETING,dynamic,unknown,2,True,60.0,242,4.033333333333333
009_003,c:\Projects\signia-fsl-recognition\dynamic_raw\9\10.MOV,9,SEE YOU TOMORROW,See You Tomorrow,GREETING,dynamic,unknown,3,True,60.0,243,4.05
009_004,c:\Projects\signia-fsl-recognition\dynamic_raw\9\11.MOV,9,SEE YOU TOMORROW,See You Tomorrow,GREETING,dynamic,unknown,4,True,60.0,243,4.05
009_005,c:\Projects\signia-fsl-recognition\dynamic_raw\9\12.MOV,9,SEE YOU TOMORROW,See You Tomorrow,GREETING,dynamic,unknown,5,True,60.0,242,4.033333333333333
009_006,c:\Projects\signia-fsl-recognition\dynamic_raw\9\13.MOV,9,SEE YOU TOMORROW,See You Tomorrow,GREETING,dynamic,unknown,6,True,60.0,242,4.033333333333333
009_007,c:\Projects\signia-fsl-recognition\dynamic_raw\9\14.MOV,9,SEE YOU TOMORROW,See You Tomorrow,GREETING,dynamic,unknown,7,True,60.0,242,4.033333333333333
009_008,c:\Projects\signia-fsl-recognition\dynamic_raw\9\15.MOV,9,SEE YOU TOMORROW,See You Tomorrow,GREETING,dynamic,unknown,8,True,60.0,246,4.1
009_009,c:\Projects\signia-fsl-recognition\dynamic_raw\9\16.MOV,9,SEE YOU TOMORROW,See You Tomorrow,GREETING,dynamic,unknown,9,True,60.0,245,4.083333333333333
009_010,c:\Projects\signia-fsl-recognition\dynamic_raw\9\17.MOV,9,SEE YOU TOMORROW,See You Tomorrow,GREETING,dynamic,unknown,10,True,60.0,245,4.083333333333333
009_011,c:\Projects\signia-fsl-recognition\dynamic_raw\9\18.MOV,9,SEE YOU TOMORROW,See You Tomorrow,GREETING,dynamic,unknown,11,True,60.0,245,4.083333333333333
009_012,c:\Projects\signia-fsl-recognition\dynamic_raw\9\19.MOV,9,SEE YOU TOMORROW,See You Tomorrow,GREETING,dynamic,unknown,12,True,60.0,245,4.083333333333333
009_013,c:\Projects\signia-fsl-recognition\dynamic_raw\9\2.MOV,9,SEE YOU TOMORROW,See You Tomorrow,GREETING,dynamic,unknown,13,True,60.0,242,4.033333333333333
009_014,c:\Projects\signia-fsl-recognition\dynamic_raw\9\3.MOV,9,SEE YOU TOMORROW,See You Tomorrow,GREETING,dynamic,unknown,14,True,60.0,242,4.033333333333333
009_015,c:\Projects\signia-fsl-recognition\dynamic_raw\9\4.MOV,9,SEE YOU TOMORROW,See You Tomorrow,GREETING,dynamic,unknown,15,True,60.0,242,4.033333333333333
009_016,c:\Projects\signia-fsl-recognition\dynamic_raw\9\5.MOV,9,SEE YOU TOMORROW,See You Tomorrow,GREETING,dynamic,unknown,16,True,60.0,243,4.05
009_017,c:\Projects\signia-fsl-recognition\dynamic_raw\9\6.MOV,9,SEE YOU TOMORROW,See You Tomorrow,GREETING,dynamic,unknown,17,True,60.0,243,4.05
009_018,c:\Projects\signia-fsl-recognition\dynamic_raw\9\7.MOV,9,SEE YOU TOMORROW,See You Tomorrow,GREETING,dynamic,unknown,18,True,60.0,242,4.033333333333333
009_019,c:\Projects\signia-fsl-recognition\dynamic_raw\9\8.MOV,9,SEE YOU TOMORROW,See You Tomorrow,GREETING,dynamic,unknown,19,True,60.0,242,4.033333333333333
009_020,c:\Projects\signia-fsl-recognition\dynamic_raw\9\9.MOV,9,SEE YOU TOMORROW,See You Tomorrow,GREETING,dynamic,unknown,20,True,60.0,242,4.033333333333333
010_001,c:\Projects\signia-fsl-recognition\dynamic_raw\10\0.MOV,10,UNDERSTAND,Understand,SURVIVAL,dynamic,unknown,1,True,60.0,245,4.083333333333333
010_002,c:\Projects\signia-fsl-recognition\dynamic_raw\10\1.MOV,10,UNDERSTAND,Understand,SURVIVAL,dynamic,unknown,2,True,60.0,245,4.083333333333333
010_003,c:\Projects\signia-fsl-recognition\dynamic_raw\10\10.MOV,10,UNDERSTAND,Understand,SURVIVAL,dynamic,unknown,3,True,60.0,245,4.083333333333333
010_004,c:\Projects\signia-fsl-recognition\dynamic_raw\10\11.MOV,10,UNDERSTAND,Understand,SURVIVAL,dynamic,unknown,4,True,60.0,245,4.083333333333333
010_005,c:\Projects\signia-fsl-recognition\dynamic_raw\10\12.MOV,10,UNDERSTAND,Understand,SURVIVAL,dynamic,unknown,5,True,60.0,244,4.066666666666666
010_006,c:\Projects\signia-fsl-recognition\dynamic_raw\10\13.MOV,10,UNDERSTAND,Understand,SURVIVAL,dynamic,unknown,6,True,60.0,244,4.066666666666666
010_007,c:\Projects\signia-fsl-recognition\dynamic_raw\10\14.MOV,10,UNDERSTAND,Understand,SURVIVAL,dynamic,unknown,7,True,60.0,244,4.066666666666666
010_008,c:\Projects\signia-fsl-recognition\dynamic_raw\10\15.MOV,10,UNDERSTAND,Understand,SURVIVAL,dynamic,unknown,8,True,60.0,244,4.066666666666666
010_009,c:\Projects\signia-fsl-recognition\dynamic_raw\10\16.MOV,10,UNDERSTAND,Understand,SURVIVAL,dynamic,unknown,9,True,60.0,244,4.066666666666666
010_010,c:\Projects\signia-fsl-recognition\dynamic_raw\10\17.MOV,10,UNDERSTAND,Understand,SURVIVAL,dynamic,unknown,10,True,60.0,244,4.066666666666666
010_011,c:\Projects\signia-fsl-recognition\dynamic_raw\10\18.MOV,10,UNDERSTAND,Understand,SURVIVAL,dynamic,unknown,11,True,60.0,244,4.066666666666666
010_012,c:\Projects\signia-fsl-recognition\dynamic_raw\10\19.MOV,10,UNDERSTAND,Understand,SURVIVAL,dynamic,unknown,12,True,60.0,244,4.066666666666666
010_013,c:\Projects\signia-fsl-recognition\dynamic_raw\10\2.MOV,10,UNDERSTAND,Understand,SURVIVAL,dynamic,unknown,13,True,60.0,244,4.066666666666666
010_014,c:\Projects\signia-fsl-recognition\dynamic_raw\10\3.MOV,10,UNDERSTAND,Understand,SURVIVAL,dynamic,unknown,14,True,60.0,244,4.066666666666666
010_015,c:\Projects\signia-fsl-recognition\dynamic_raw\10\4.MOV,10,UNDERSTAND,Understand,SURVIVAL,dynamic,unknown,15,True,60.0,244,4.066666666666666
010_016,c:\Projects\signia-fsl-recognition\dynamic_raw\10\5.MOV,10,UNDERSTAND,Understand,SURVIVAL,dynamic,unknown,16,True,60.0,245,4.083333333333333
010_017,c:\Projects\signia-fsl-recognition\dynamic_raw\10\6.MOV,10,UNDERSTAND,Understand,SURVIVAL,dynamic,unknown,17,True,60.0,244,4.066666666666666
010_018,c:\Projects\signia-fsl-recognition\dynamic_raw\10\7.MOV,10,UNDERSTAND,Understand,SURVIVAL,dynamic,unknown,18,True,60.0,244,4.066666666666666
010_019,c:\Projects\signia-fsl-recognition\dynamic_raw\10\8.MOV,10,UNDERSTAND,Understand,SURVIVAL,dynamic,unknown,19,True,60.0,244,4.066666666666666
010_020,c:\Projects\signia-fsl-recognition\dynamic_raw\10\9.MOV,10,UNDERSTAND,Understand,SURVIVAL,dynamic,unknown,20,True,60.0,244,4.066666666666666
011_001,c:\Projects\signia-fsl-recognition\dynamic_raw\11\0.MOV,11,DONT UNDERSTAND,Don’t Understand,SURVIVAL,dynamic,unknown,1,True,60.0,244,4.066666666666666
011_002,c:\Projects\signia-fsl-recognition\dynamic_raw\11\1.MOV,11,DONT UNDERSTAND,Don’t Understand,SURVIVAL,dynamic,unknown,2,True,60.0,244,4.066666666666666
011_003,c:\Projects\signia-fsl-recognition\dynamic_raw\11\10.MOV,11,DONT UNDERSTAND,Don’t Understand,SURVIVAL,dynamic,unknown,3,True,60.0,244,4.066666666666666
011_004,c:\Projects\signia-fsl-recognition\dynamic_raw\11\11.MOV,11,DONT UNDERSTAND,Don’t Understand,SURVIVAL,dynamic,unknown,4,True,60.0,244,4.066666666666666
011_005,c:\Projects\signia-fsl-recognition\dynamic_raw\11\12.MOV,11,DONT UNDERSTAND,Don’t Understand,SURVIVAL,dynamic,unknown,5,True,60.0,244,4.066666666666666
011_006,c:\Projects\signia-fsl-recognition\dynamic_raw\11\13.MOV,11,DONT UNDERSTAND,Don’t Understand,SURVIVAL,dynamic,unknown,6,True,60.0,244,4.066666666666666
011_007,c:\Projects\signia-fsl-recognition\dynamic_raw\11\14.MOV,11,DONT UNDERSTAND,Don’t Understand,SURVIVAL,dynamic,unknown,7,True,60.0,244,4.066666666666666
011_008,c:\Projects\signia-fsl-recognition\dynamic_raw\11\15.MOV,11,DONT UNDERSTAND,Don’t Understand,SURVIVAL,dynamic,unknown,8,True,60.0,244,4.066666666666666
011_009,c:\Projects\signia-fsl-recognition\dynamic_raw\11\16.MOV,11,DONT UNDERSTAND,Don’t Understand,SURVIVAL,dynamic,unknown,9,True,60.0,244,4.066666666666666
011_010,c:\Projects\signia-fsl-recognition\dynamic_raw\11\17.MOV,11,DONT UNDERSTAND,Don’t Understand,SURVIVAL,dynamic,unknown,10,True,60.0,244,4.066666666666666
011_011,c:\Projects\signia-fsl-recognition\dynamic_raw\11\18.MOV,11,DONT UNDERSTAND,Don’t Understand,SURVIVAL,dynamic,unknown,11,True,60.0,244,4.066666666666666
011_012,c:\Projects\signia-fsl-recognition\dynamic_raw\11\19.MOV,11,DONT UNDERSTAND,Don’t Understand,SURVIVAL,dynamic,unknown,12,True,60.0,244,4.066666666666666
011_013,c:\Projects\signia-fsl-recognition\dynamic_raw\11\2.MOV,11,DONT UNDERSTAND,Don’t Understand,SURVIVAL,dynamic,unknown,13,True,60.0,244,4.066666666666666
011_014,c:\Projects\signia-fsl-recognition\dynamic_raw\11\20.MOV,11,DONT UNDERSTAND,Don’t Understand,SURVIVAL,dynamic,unknown,14,True,60.0,244,4.066666666666666
011_015,c:\Projects\signia-fsl-recognition\dynamic_raw\11\3.MOV,11,DONT UNDERSTAND,Don’t Understand,SURVIVAL,dynamic,unknown,15,True,60.0,244,4.066666666666666
011_016,c:\Projects\signia-fsl-recognition\dynamic_raw\11\4.MOV,11,DONT UNDERSTAND,Don’t Understand,SURVIVAL,dynamic,unknown,16,True,60.0,244,4.066666666666666
011_017,c:\Projects\signia-fsl-recognition\dynamic_raw\11\5.MOV,11,DONT UNDERSTAND,Don’t Understand,SURVIVAL,dynamic,unknown,17,True,60.0,244,4.066666666666666
011_018,c:\Projects\signia-fsl-recognition\dynamic_raw\11\6.MOV,11,DONT UNDERSTAND,Don’t Understand,SURVIVAL,dynamic,unknown,18,True,60.0,244,4.066666666666666
011_019,c:\Projects\signia-fsl-recognition\dynamic_raw\11\7.MOV,11,DONT UNDERSTAND,Don’t Understand,SURVIVAL,dynamic,unknown,19,True,60.0,244,4.066666666666666
011_020,c:\Projects\signia-fsl-recognition\dynamic_raw\11\8.MOV,11,DONT UNDERSTAND,Don’t Understand,SURVIVAL,dynamic,unknown,20,True,60.0,244,4.066666666666666
011_021,c:\Projects\signia-fsl-recognition\dynamic_raw\11\9.MOV,11,DONT UNDERSTAND,Don’t Understand,SURVIVAL,dynamic,unknown,21,True,60.0,244,4.066666666666666
012_001,c:\Projects\signia-fsl-recognition\dynamic_raw\12\0.MOV,12,KNOW,Know,SURVIVAL,dynamic,unknown,1,True,60.0,244,4.066666666666666
012_002,c:\Projects\signia-fsl-recognition\dynamic_raw\12\1.MOV,12,KNOW,Know,SURVIVAL,dynamic,unknown,2,True,60.0,244,4.066666666666666
012_003,c:\Projects\signia-fsl-recognition\dynamic_raw\12\10.MOV,12,KNOW,Know,SURVIVAL,dynamic,unknown,3,True,60.0,244,4.066666666666666
012_004,c:\Projects\signia-fsl-recognition\dynamic_raw\12\11.MOV,12,KNOW,Know,SURVIVAL,dynamic,unknown,4,True,60.0,244,4.066666666666666
012_005,c:\Projects\signia-fsl-recognition\dynamic_raw\12\12.MOV,12,KNOW,Know,SURVIVAL,dynamic,unknown,5,True,60.0,244,4.066666666666666
012_006,c:\Projects\signia-fsl-recognition\dynamic_raw\12\13.MOV,12,KNOW,Know,SURVIVAL,dynamic,unknown,6,True,60.0,244,4.066666666666666
012_007,c:\Projects\signia-fsl-recognition\dynamic_raw\12\14.MOV,12,KNOW,Know,SURVIVAL,dynamic,unknown,7,True,60.0,244,4.066666666666666
012_008,c:\Projects\signia-fsl-recognition\dynamic_raw\12\15.MOV,12,KNOW,Know,SURVIVAL,dynamic,unknown,8,True,60.0,244,4.066666666666666
012_009,c:\Projects\signia-fsl-recognition\dynamic_raw\12\16.MOV,12,KNOW,Know,SURVIVAL,dynamic,unknown,9,True,60.0,244,4.066666666666666
012_010,c:\Projects\signia-fsl-recognition\dynamic_raw\12\17.MOV,12,KNOW,Know,SURVIVAL,dynamic,unknown,10,True,60.0,244,4.066666666666666
012_011,c:\Projects\signia-fsl-recognition\dynamic_raw\12\18.MOV,12,KNOW,Know,SURVIVAL,dynamic,unknown,11,True,60.0,244,4.066666666666666
012_012,c:\Projects\signia-fsl-recognition\dynamic_raw\12\19.MOV,12,KNOW,Know,SURVIVAL,dynamic,unknown,12,True,60.0,244,4.066666666666666
012_013,c:\Projects\signia-fsl-recognition\dynamic_raw\12\2.MOV,12,KNOW,Know,SURVIVAL,dynamic,unknown,13,True,60.0,244,4.066666666666666
012_014,c:\Projects\signia-fsl-recognition\dynamic_raw\12\20.MOV,12,KNOW,Know,SURVIVAL,dynamic,unknown,14,True,60.0,244,4.066666666666666
012_015,c:\Projects\signia-fsl-recognition\dynamic_raw\12\3.MOV,12,KNOW,Know,SURVIVAL,dynamic,unknown,15,True,60.0,244,4.066666666666666
012_016,c:\Projects\signia-fsl-recognition\dynamic_raw\12\4.MOV,12,KNOW,Know,SURVIVAL,dynamic,unknown,16,True,60.0,244,4.066666666666666
012_017,c:\Projects\signia-fsl-recognition\dynamic_raw\12\5.MOV,12,KNOW,Know,SURVIVAL,dynamic,unknown,17,True,60.0,244,4.066666666666666
012_018,c:\Projects\signia-fsl-recognition\dynamic_raw\12\6.MOV,12,KNOW,Know,SURVIVAL,dynamic,unknown,18,True,60.0,244,4.066666666666666
012_019,c:\Projects\signia-fsl-recognition\dynamic_raw\12\7.MOV,12,KNOW,Know,SURVIVAL,dynamic,unknown,19,True,60.0,244,4.066666666666666
012_020,c:\Projects\signia-fsl-recognition\dynamic_raw\12\8.MOV,12,KNOW,Know,SURVIVAL,dynamic,unknown,20,True,60.0,244,4.066666666666666
012_021,c:\Projects\signia-fsl-recognition\dynamic_raw\12\9.MOV,12,KNOW,Know,SURVIVAL,dynamic,unknown,21,True,60.0,244,4.066666666666666
013_001,c:\Projects\signia-fsl-recognition\dynamic_raw\13\0.MOV,13,DONT KNOW,Don’t Know,SURVIVAL,dynamic,unknown,1,True,60.0,244,4.066666666666666
013_002,c:\Projects\signia-fsl-recognition\dynamic_raw\13\1.MOV,13,DONT KNOW,Don’t Know,SURVIVAL,dynamic,unknown,2,True,60.0,244,4.066666666666666
013_003,c:\Projects\signia-fsl-recognition\dynamic_raw\13\10.MOV,13,DONT KNOW,Don’t Know,SURVIVAL,dynamic,unknown,3,True,60.0,244,4.066666666666666
013_004,c:\Projects\signia-fsl-recognition\dynamic_raw\13\11.MOV,13,DONT KNOW,Don’t Know,SURVIVAL,dynamic,unknown,4,True,60.0,244,4.066666666666666
013_005,c:\Projects\signia-fsl-recognition\dynamic_raw\13\12.MOV,13,DONT KNOW,Don’t Know,SURVIVAL,dynamic,unknown,5,True,60.0,244,4.066666666666666
013_006,c:\Projects\signia-fsl-recognition\dynamic_raw\13\13.MOV,13,DONT KNOW,Don’t Know,SURVIVAL,dynamic,unknown,6,True,60.0,244,4.066666666666666
013_007,c:\Projects\signia-fsl-recognition\dynamic_raw\13\14.MOV,13,DONT KNOW,Don’t Know,SURVIVAL,dynamic,unknown,7,True,60.0,244,4.066666666666666
013_008,c:\Projects\signia-fsl-recognition\dynamic_raw\13\15.MOV,13,DONT KNOW,Don’t Know,SURVIVAL,dynamic,unknown,8,True,60.0,244,4.066666666666666
013_009,c:\Projects\signia-fsl-recognition\dynamic_raw\13\16.MOV,13,DONT KNOW,Don’t Know,SURVIVAL,dynamic,unknown,9,True,60.0,244,4.066666666666666
013_010,c:\Projects\signia-fsl-recognition\dynamic_raw\13\17.MOV,13,DONT KNOW,Don’t Know,SURVIVAL,dynamic,unknown,10,True,60.0,244,4.066666666666666
013_011,c:\Projects\signia-fsl-recognition\dynamic_raw\13\18.MOV,13,DONT KNOW,Don’t Know,SURVIVAL,dynamic,unknown,11,True,60.0,244,4.066666666666666
013_012,c:\Projects\signia-fsl-recognition\dynamic_raw\13\19.MOV,13,DONT KNOW,Don’t Know,SURVIVAL,dynamic,unknown,12,True,60.0,244,4.066666666666666
013_013,c:\Projects\signia-fsl-recognition\dynamic_raw\13\2.MOV,13,DONT KNOW,Don’t Know,SURVIVAL,dynamic,unknown,13,True,60.0,244,4.066666666666666
013_014,c:\Projects\signia-fsl-recognition\dynamic_raw\13\3.MOV,13,DONT KNOW,Don’t Know,SURVIVAL,dynamic,unknown,14,True,60.0,244,4.066666666666666
013_015,c:\Projects\signia-fsl-recognition\dynamic_raw\13\4.MOV,13,DONT KNOW,Don’t Know,SURVIVAL,dynamic,unknown,15,True,60.0,244,4.066666666666666
013_016,c:\Projects\signia-fsl-recognition\dynamic_raw\13\5.MOV,13,DONT KNOW,Don’t Know,SURVIVAL,dynamic,unknown,16,True,60.0,244,4.066666666666666
013_017,c:\Projects\signia-fsl-recognition\dynamic_raw\13\6.MOV,13,DONT KNOW,Don’t Know,SURVIVAL,dynamic,unknown,17,True,60.0,244,4.066666666666666
013_018,c:\Projects\signia-fsl-recognition\dynamic_raw\13\7.MOV,13,DONT KNOW,Don’t Know,SURVIVAL,dynamic,unknown,18,True,60.0,244,4.066666666666666
013_019,c:\Projects\signia-fsl-recognition\dynamic_raw\13\8.MOV,13,DONT KNOW,Don’t Know,SURVIVAL,dynamic,unknown,19,True,60.0,244,4.066666666666666
013_020,c:\Projects\signia-fsl-recognition\dynamic_raw\13\9.MOV,13,DONT KNOW,Don’t Know,SURVIVAL,dynamic,unknown,20,True,60.0,244,4.066666666666666
014_001,c:\Projects\signia-fsl-recognition\dynamic_raw\14\0.MOV,14,NO,No,SURVIVAL,dynamic,unknown,1,True,60.0,244,4.066666666666666
014_002,c:\Projects\signia-fsl-recognition\dynamic_raw\14\1.MOV,14,NO,No,SURVIVAL,dynamic,unknown,2,True,60.0,244,4.066666666666666
014_003,c:\Projects\signia-fsl-recognition\dynamic_raw\14\10.MOV,14,NO,No,SURVIVAL,dynamic,unknown,3,True,60.0,244,4.066666666666666
014_004,c:\Projects\signia-fsl-recognition\dynamic_raw\14\11.MOV,14,NO,No,SURVIVAL,dynamic,unknown,4,True,60.0,244,4.066666666666666
014_005,c:\Projects\signia-fsl-recognition\dynamic_raw\14\12.MOV,14,NO,No,SURVIVAL,dynamic,unknown,5,True,60.0,244,4.066666666666666
014_006,c:\Projects\signia-fsl-recognition\dynamic_raw\14\13.MOV,14,NO,No,SURVIVAL,dynamic,unknown,6,True,60.0,244,4.066666666666666
014_007,c:\Projects\signia-fsl-recognition\dynamic_raw\14\14.MOV,14,NO,No,SURVIVAL,dynamic,unknown,7,True,60.0,244,4.066666666666666
014_008,c:\Projects\signia-fsl-recognition\dynamic_raw\14\15.MOV,14,NO,No,SURVIVAL,dynamic,unknown,8,True,60.0,244,4.066666666666666
014_009,c:\Projects\signia-fsl-recognition\dynamic_raw\14\16.MOV,14,NO,No,SURVIVAL,dynamic,unknown,9,True,60.0,244,4.066666666666666
014_010,c:\Projects\signia-fsl-recognition\dynamic_raw\14\17.MOV,14,NO,No,SURVIVAL,dynamic,unknown,10,True,60.0,244,4.066666666666666
014_011,c:\Projects\signia-fsl-recognition\dynamic_raw\14\18.MOV,14,NO,No,SURVIVAL,dynamic,unknown,11,True,60.0,244,4.066666666666666
014_012,c:\Projects\signia-fsl-recognition\dynamic_raw\14\19.MOV,14,NO,No,SURVIVAL,dynamic,unknown,12,True,60.0,244,4.066666666666666
014_013,c:\Projects\signia-fsl-recognition\dynamic_raw\14\2.MOV,14,NO,No,SURVIVAL,dynamic,unknown,13,True,60.0,244,4.066666666666666
014_014,c:\Projects\signia-fsl-recognition\dynamic_raw\14\20.MOV,14,NO,No,SURVIVAL,dynamic,unknown,14,True,60.0,244,4.066666666666666
014_015,c:\Projects\signia-fsl-recognition\dynamic_raw\14\3.MOV,14,NO,No,SURVIVAL,dynamic,unknown,15,True,60.0,244,4.066666666666666
014_016,c:\Projects\signia-fsl-recognition\dynamic_raw\14\4.MOV,14,NO,No,SURVIVAL,dynamic,unknown,16,True,60.0,244,4.066666666666666
014_017,c:\Projects\signia-fsl-recognition\dynamic_raw\14\5.MOV,14,NO,No,SURVIVAL,dynamic,unknown,17,True,60.0,244,4.066666666666666
014_018,c:\Projects\signia-fsl-recognition\dynamic_raw\14\6.MOV,14,NO,No,SURVIVAL,dynamic,unknown,18,True,60.0,244,4.066666666666666
014_019,c:\Projects\signia-fsl-recognition\dynamic_raw\14\7.MOV,14,NO,No,SURVIVAL,dynamic,unknown,19,True,60.0,244,4.066666666666666
014_020,c:\Projects\signia-fsl-recognition\dynamic_raw\14\8.MOV,14,NO,No,SURVIVAL,dynamic,unknown,20,True,60.0,244,4.066666666666666
014_021,c:\Projects\signia-fsl-recognition\dynamic_raw\14\9.MOV,14,NO,No,SURVIVAL,dynamic,unknown,21,True,60.0,244,4.066666666666666
015_001,c:\Projects\signia-fsl-recognition\dynamic_raw\15\0.MOV,15,YES,Yes,SURVIVAL,dynamic,unknown,1,True,60.0,243,4.05
015_002,c:\Projects\signia-fsl-recognition\dynamic_raw\15\1.MOV,15,YES,Yes,SURVIVAL,dynamic,unknown,2,True,60.0,243,4.05
015_003,c:\Projects\signia-fsl-recognition\dynamic_raw\15\10.MOV,15,YES,Yes,SURVIVAL,dynamic,unknown,3,True,60.0,243,4.05
015_004,c:\Projects\signia-fsl-recognition\dynamic_raw\15\11.MOV,15,YES,Yes,SURVIVAL,dynamic,unknown,4,True,60.0,243,4.05
015_005,c:\Projects\signia-fsl-recognition\dynamic_raw\15\12.MOV,15,YES,Yes,SURVIVAL,dynamic,unknown,5,True,60.0,243,4.05
015_006,c:\Projects\signia-fsl-recognition\dynamic_raw\15\13.MOV,15,YES,Yes,SURVIVAL,dynamic,unknown,6,True,60.0,243,4.05
015_007,c:\Projects\signia-fsl-recognition\dynamic_raw\15\14.MOV,15,YES,Yes,SURVIVAL,dynamic,unknown,7,True,60.0,243,4.05
015_008,c:\Projects\signia-fsl-recognition\dynamic_raw\15\15.MOV,15,YES,Yes,SURVIVAL,dynamic,unknown,8,True,60.0,243,4.05
015_009,c:\Projects\signia-fsl-recognition\dynamic_raw\15\16.MOV,15,YES,Yes,SURVIVAL,dynamic,unknown,9,True,60.0,243,4.05
015_010,c:\Projects\signia-fsl-recognition\dynamic_raw\15\17.MOV,15,YES,Yes,SURVIVAL,dynamic,unknown,10,True,60.0,243,4.05
015_011,c:\Projects\signia-fsl-recognition\dynamic_raw\15\18.MOV,15,YES,Yes,SURVIVAL,dynamic,unknown,11,True,60.0,243,4.05
015_012,c:\Projects\signia-fsl-recognition\dynamic_raw\15\19.MOV,15,YES,Yes,SURVIVAL,dynamic,unknown,12,True,60.0,243,4.05
015_013,c:\Projects\signia-fsl-recognition\dynamic_raw\15\2.MOV,15,YES,Yes,SURVIVAL,dynamic,unknown,13,True,60.0,243,4.05
015_014,c:\Projects\signia-fsl-recognition\dynamic_raw\15\3.MOV,15,YES,Yes,SURVIVAL,dynamic,unknown,14,True,60.0,243,4.05
015_015,c:\Projects\signia-fsl-recognition\dynamic_raw\15\4.MOV,15,YES,Yes,SURVIVAL,dynamic,unknown,15,True,60.0,243,4.05
015_016,c:\Projects\signia-fsl-recognition\dynamic_raw\15\5.MOV,15,YES,Yes,SURVIVAL,dynamic,unknown,16,True,60.0,244,4.066666666666666
015_017,c:\Projects\signia-fsl-recognition\dynamic_raw\15\6.MOV,15,YES,Yes,SURVIVAL,dynamic,unknown,17,True,60.0,244,4.066666666666666
015_018,c:\Projects\signia-fsl-recognition\dynamic_raw\15\7.MOV,15,YES,Yes,SURVIVAL,dynamic,unknown,18,True,60.0,243,4.05
015_019,c:\Projects\signia-fsl-recognition\dynamic_raw\15\8.MOV,15,YES,Yes,SURVIVAL,dynamic,unknown,19,True,60.0,243,4.05
015_020,c:\Projects\signia-fsl-recognition\dynamic_raw\15\9.MOV,15,YES,Yes,SURVIVAL,dynamic,unknown,20,True,60.0,243,4.05
016_001,c:\Projects\signia-fsl-recognition\dynamic_raw\16\0.MOV,16,WRONG,Wrong,SURVIVAL,dynamic,unknown,1,True,60.0,243,4.05
016_002,c:\Projects\signia-fsl-recognition\dynamic_raw\16\1.MOV,16,WRONG,Wrong,SURVIVAL,dynamic,unknown,2,True,60.0,243,4.05
016_003,c:\Projects\signia-fsl-recognition\dynamic_raw\16\10.MOV,16,WRONG,Wrong,SURVIVAL,dynamic,unknown,3,True,60.0,243,4.05
016_004,c:\Projects\signia-fsl-recognition\dynamic_raw\16\11.MOV,16,WRONG,Wrong,SURVIVAL,dynamic,unknown,4,True,60.0,243,4.05
016_005,c:\Projects\signia-fsl-recognition\dynamic_raw\16\12.MOV,16,WRONG,Wrong,SURVIVAL,dynamic,unknown,5,True,60.0,243,4.05
016_006,c:\Projects\signia-fsl-recognition\dynamic_raw\16\13.MOV,16,WRONG,Wrong,SURVIVAL,dynamic,unknown,6,True,60.0,243,4.05
016_007,c:\Projects\signia-fsl-recognition\dynamic_raw\16\14.MOV,16,WRONG,Wrong,SURVIVAL,dynamic,unknown,7,True,60.0,243,4.05
016_008,c:\Projects\signia-fsl-recognition\dynamic_raw\16\15.MOV,16,WRONG,Wrong,SURVIVAL,dynamic,unknown,8,True,60.0,243,4.05
016_009,c:\Projects\signia-fsl-recognition\dynamic_raw\16\16.MOV,16,WRONG,Wrong,SURVIVAL,dynamic,unknown,9,True,60.0,243,4.05
016_010,c:\Projects\signia-fsl-recognition\dynamic_raw\16\17.MOV,16,WRONG,Wrong,SURVIVAL,dynamic,unknown,10,True,60.0,243,4.05
016_011,c:\Projects\signia-fsl-recognition\dynamic_raw\16\18.MOV,16,WRONG,Wrong,SURVIVAL,dynamic,unknown,11,True,60.0,243,4.05
016_012,c:\Projects\signia-fsl-recognition\dynamic_raw\16\19.MOV,16,WRONG,Wrong,SURVIVAL,dynamic,unknown,12,True,60.0,243,4.05
016_013,c:\Projects\signia-fsl-recognition\dynamic_raw\16\2.MOV,16,WRONG,Wrong,SURVIVAL,dynamic,unknown,13,True,60.0,243,4.05
016_014,c:\Projects\signia-fsl-recognition\dynamic_raw\16\20.MOV,16,WRONG,Wrong,SURVIVAL,dynamic,unknown,14,True,60.0,243,4.05
016_015,c:\Projects\signia-fsl-recognition\dynamic_raw\16\3.MOV,16,WRONG,Wrong,SURVIVAL,dynamic,unknown,15,True,60.0,243,4.05
016_016,c:\Projects\signia-fsl-recognition\dynamic_raw\16\4.MOV,16,WRONG,Wrong,SURVIVAL,dynamic,unknown,16,True,60.0,243,4.05
016_017,c:\Projects\signia-fsl-recognition\dynamic_raw\16\5.MOV,16,WRONG,Wrong,SURVIVAL,dynamic,unknown,17,True,60.0,243,4.05
016_018,c:\Projects\signia-fsl-recognition\dynamic_raw\16\6.MOV,16,WRONG,Wrong,SURVIVAL,dynamic,unknown,18,True,60.0,243,4.05
016_019,c:\Projects\signia-fsl-recognition\dynamic_raw\16\7.MOV,16,WRONG,Wrong,SURVIVAL,dynamic,unknown,19,True,60.0,243,4.05
016_020,c:\Projects\signia-fsl-recognition\dynamic_raw\16\8.MOV,16,WRONG,Wrong,SURVIVAL,dynamic,unknown,20,True,60.0,243,4.05
016_021,c:\Projects\signia-fsl-recognition\dynamic_raw\16\9.MOV,16,WRONG,Wrong,SURVIVAL,dynamic,unknown,21,True,60.0,243,4.05
017_001,c:\Projects\signia-fsl-recognition\dynamic_raw\17\0.MOV,17,CORRECT,Correct,SURVIVAL,dynamic,unknown,1,True,60.0,243,4.05
017_002,c:\Projects\signia-fsl-recognition\dynamic_raw\17\1.MOV,17,CORRECT,Correct,SURVIVAL,dynamic,unknown,2,True,60.0,243,4.05
017_003,c:\Projects\signia-fsl-recognition\dynamic_raw\17\10.MOV,17,CORRECT,Correct,SURVIVAL,dynamic,unknown,3,True,60.0,243,4.05
017_004,c:\Projects\signia-fsl-recognition\dynamic_raw\17\11.MOV,17,CORRECT,Correct,SURVIVAL,dynamic,unknown,4,True,60.0,243,4.05
017_005,c:\Projects\signia-fsl-recognition\dynamic_raw\17\12.MOV,17,CORRECT,Correct,SURVIVAL,dynamic,unknown,5,True,60.0,243,4.05
017_006,c:\Projects\signia-fsl-recognition\dynamic_raw\17\13.MOV,17,CORRECT,Correct,SURVIVAL,dynamic,unknown,6,True,60.0,243,4.05
017_007,c:\Projects\signia-fsl-recognition\dynamic_raw\17\14.MOV,17,CORRECT,Correct,SURVIVAL,dynamic,unknown,7,True,60.0,243,4.05
017_008,c:\Projects\signia-fsl-recognition\dynamic_raw\17\15.MOV,17,CORRECT,Correct,SURVIVAL,dynamic,unknown,8,True,60.0,243,4.05
017_009,c:\Projects\signia-fsl-recognition\dynamic_raw\17\16.MOV,17,CORRECT,Correct,SURVIVAL,dynamic,unknown,9,True,60.0,243,4.05
017_010,c:\Projects\signia-fsl-recognition\dynamic_raw\17\17.MOV,17,CORRECT,Correct,SURVIVAL,dynamic,unknown,10,True,60.0,243,4.05
017_011,c:\Projects\signia-fsl-recognition\dynamic_raw\17\18.MOV,17,CORRECT,Correct,SURVIVAL,dynamic,unknown,11,True,60.0,243,4.05
017_012,c:\Projects\signia-fsl-recognition\dynamic_raw\17\19.MOV,17,CORRECT,Correct,SURVIVAL,dynamic,unknown,12,True,60.0,243,4.05
017_013,c:\Projects\signia-fsl-recognition\dynamic_raw\17\2.MOV,17,CORRECT,Correct,SURVIVAL,dynamic,unknown,13,True,60.0,243,4.05
017_014,c:\Projects\signia-fsl-recognition\dynamic_raw\17\20.MOV,17,CORRECT,Correct,SURVIVAL,dynamic,unknown,14,True,60.0,243,4.05
017_015,c:\Projects\signia-fsl-recognition\dynamic_raw\17\21.MOV,17,CORRECT,Correct,SURVIVAL,dynamic,unknown,15,True,60.0,243,4.05
017_016,c:\Projects\signia-fsl-recognition\dynamic_raw\17\3.MOV,17,CORRECT,Correct,SURVIVAL,dynamic,unknown,16,True,60.0,243,4.05
017_017,c:\Projects\signia-fsl-recognition\dynamic_raw\17\4.MOV,17,CORRECT,Correct,SURVIVAL,dynamic,unknown,17,True,60.0,243,4.05
017_018,c:\Projects\signia-fsl-recognition\dynamic_raw\17\5.MOV,17,CORRECT,Correct,SURVIVAL,dynamic,unknown,18,True,60.0,243,4.05
017_019,c:\Projects\signia-fsl-recognition\dynamic_raw\17\6.MOV,17,CORRECT,Correct,SURVIVAL,dynamic,unknown,19,True,60.0,243,4.05
017_020,c:\Projects\signia-fsl-recognition\dynamic_raw\17\7.MOV,17,CORRECT,Correct,SURVIVAL,dynamic,unknown,20,True,60.0,243,4.05
017_021,c:\Projects\signia-fsl-recognition\dynamic_raw\17\8.MOV,17,CORRECT,Correct,SURVIVAL,dynamic,unknown,21,True,60.0,243,4.05
017_022,c:\Projects\signia-fsl-recognition\dynamic_raw\17\9.MOV,17,CORRECT,Correct,SURVIVAL,dynamic,unknown,22,True,60.0,243,4.05
018_001,c:\Projects\signia-fsl-recognition\dynamic_raw\18\0.MOV,18,SLOW,Slow,SURVIVAL,dynamic,unknown,1,True,60.0,243,4.05
018_002,c:\Projects\signia-fsl-recognition\dynamic_raw\18\1.MOV,18,SLOW,Slow,SURVIVAL,dynamic,unknown,2,True,60.0,243,4.05
018_003,c:\Projects\signia-fsl-recognition\dynamic_raw\18\10.MOV,18,SLOW,Slow,SURVIVAL,dynamic,unknown,3,True,60.0,243,4.05
018_004,c:\Projects\signia-fsl-recognition\dynamic_raw\18\11.MOV,18,SLOW,Slow,SURVIVAL,dynamic,unknown,4,True,60.0,243,4.05
018_005,c:\Projects\signia-fsl-recognition\dynamic_raw\18\12.MOV,18,SLOW,Slow,SURVIVAL,dynamic,unknown,5,True,60.0,243,4.05
018_006,c:\Projects\signia-fsl-recognition\dynamic_raw\18\13.MOV,18,SLOW,Slow,SURVIVAL,dynamic,unknown,6,True,60.0,243,4.05
018_007,c:\Projects\signia-fsl-recognition\dynamic_raw\18\14.MOV,18,SLOW,Slow,SURVIVAL,dynamic,unknown,7,True,60.0,243,4.05
018_008,c:\Projects\signia-fsl-recognition\dynamic_raw\18\15.MOV,18,SLOW,Slow,SURVIVAL,dynamic,unknown,8,True,60.0,243,4.05
018_009,c:\Projects\signia-fsl-recognition\dynamic_raw\18\16.MOV,18,SLOW,Slow,SURVIVAL,dynamic,unknown,9,True,60.0,243,4.05
018_010,c:\Projects\signia-fsl-recognition\dynamic_raw\18\17.MOV,18,SLOW,Slow,SURVIVAL,dynamic,unknown,10,True,60.0,243,4.05
018_011,c:\Projects\signia-fsl-recognition\dynamic_raw\18\18.MOV,18,SLOW,Slow,SURVIVAL,dynamic,unknown,11,True,60.0,243,4.05
018_012,c:\Projects\signia-fsl-recognition\dynamic_raw\18\19.MOV,18,SLOW,Slow,SURVIVAL,dynamic,unknown,12,True,60.0,243,4.05
018_013,c:\Projects\signia-fsl-recognition\dynamic_raw\18\2.MOV,18,SLOW,Slow,SURVIVAL,dynamic,unknown,13,True,60.0,243,4.05
018_014,c:\Projects\signia-fsl-recognition\dynamic_raw\18\20.MOV,18,SLOW,Slow,SURVIVAL,dynamic,unknown,14,True,60.0,243,4.05
018_015,c:\Projects\signia-fsl-recognition\dynamic_raw\18\3.MOV,18,SLOW,Slow,SURVIVAL,dynamic,unknown,15,True,60.0,243,4.05
018_016,c:\Projects\signia-fsl-recognition\dynamic_raw\18\4.MOV,18,SLOW,Slow,SURVIVAL,dynamic,unknown,16,True,60.0,243,4.05
018_017,c:\Projects\signia-fsl-recognition\dynamic_raw\18\5.MOV,18,SLOW,Slow,SURVIVAL,dynamic,unknown,17,True,60.0,243,4.05
018_018,c:\Projects\signia-fsl-recognition\dynamic_raw\18\6.MOV,18,SLOW,Slow,SURVIVAL,dynamic,unknown,18,True,60.0,243,4.05
018_019,c:\Projects\signia-fsl-recognition\dynamic_raw\18\7.MOV,18,SLOW,Slow,SURVIVAL,dynamic,unknown,19,True,60.0,243,4.05
018_020,c:\Projects\signia-fsl-recognition\dynamic_raw\18\8.MOV,18,SLOW,Slow,SURVIVAL,dynamic,unknown,20,True,60.0,243,4.05
018_021,c:\Projects\signia-fsl-recognition\dynamic_raw\18\9.MOV,18,SLOW,Slow,SURVIVAL,dynamic,unknown,21,True,60.0,243,4.05
019_001,c:\Projects\signia-fsl-recognition\dynamic_raw\19\0.MOV,19,FAST,Fast,SURVIVAL,dynamic,unknown,1,True,60.0,243,4.05
019_002,c:\Projects\signia-fsl-recognition\dynamic_raw\19\1.MOV,19,FAST,Fast,SURVIVAL,dynamic,unknown,2,True,60.0,243,4.05
019_003,c:\Projects\signia-fsl-recognition\dynamic_raw\19\10.MOV,19,FAST,Fast,SURVIVAL,dynamic,unknown,3,True,60.0,243,4.05
019_004,c:\Projects\signia-fsl-recognition\dynamic_raw\19\11.MOV,19,FAST,Fast,SURVIVAL,dynamic,unknown,4,True,60.0,243,4.05
019_005,c:\Projects\signia-fsl-recognition\dynamic_raw\19\12.MOV,19,FAST,Fast,SURVIVAL,dynamic,unknown,5,True,60.0,243,4.05
019_006,c:\Projects\signia-fsl-recognition\dynamic_raw\19\13.MOV,19,FAST,Fast,SURVIVAL,dynamic,unknown,6,True,60.0,243,4.05
019_007,c:\Projects\signia-fsl-recognition\dynamic_raw\19\14.MOV,19,FAST,Fast,SURVIVAL,dynamic,unknown,7,True,60.0,242,4.033333333333333
019_008,c:\Projects\signia-fsl-recognition\dynamic_raw\19\15.MOV,19,FAST,Fast,SURVIVAL,dynamic,unknown,8,True,60.0,242,4.033333333333333
019_009,c:\Projects\signia-fsl-recognition\dynamic_raw\19\16.MOV,19,FAST,Fast,SURVIVAL,dynamic,unknown,9,True,60.0,243,4.05
019_010,c:\Projects\signia-fsl-recognition\dynamic_raw\19\17.MOV,19,FAST,Fast,SURVIVAL,dynamic,unknown,10,True,60.0,243,4.05
019_011,c:\Projects\signia-fsl-recognition\dynamic_raw\19\18.MOV,19,FAST,Fast,SURVIVAL,dynamic,unknown,11,True,60.0,242,4.033333333333333
019_012,c:\Projects\signia-fsl-recognition\dynamic_raw\19\19.MOV,19,FAST,Fast,SURVIVAL,dynamic,unknown,12,True,60.0,242,4.033333333333333
019_013,c:\Projects\signia-fsl-recognition\dynamic_raw\19\2.MOV,19,FAST,Fast,SURVIVAL,dynamic,unknown,13,True,60.0,243,4.05
019_014,c:\Projects\signia-fsl-recognition\dynamic_raw\19\20.MOV,19,FAST,Fast,SURVIVAL,dynamic,unknown,14,True,60.0,242,4.033333333333333
019_015,c:\Projects\signia-fsl-recognition\dynamic_raw\19\3.MOV,19,FAST,Fast,SURVIVAL,dynamic,unknown,15,True,60.0,243,4.05
019_016,c:\Projects\signia-fsl-recognition\dynamic_raw\19\4.MOV,19,FAST,Fast,SURVIVAL,dynamic,unknown,16,True,60.0,243,4.05
019_017,c:\Projects\signia-fsl-recognition\dynamic_raw\19\5.MOV,19,FAST,Fast,SURVIVAL,dynamic,unknown,17,True,60.0,243,4.05
019_018,c:\Projects\signia-fsl-recognition\dynamic_raw\19\6.MOV,19,FAST,Fast,SURVIVAL,dynamic,unknown,18,True,60.0,243,4.05
019_019,c:\Projects\signia-fsl-recognition\dynamic_raw\19\7.MOV,19,FAST,Fast,SURVIVAL,dynamic,unknown,19,True,60.0,243,4.05
019_020,c:\Projects\signia-fsl-recognition\dynamic_raw\19\8.MOV,19,FAST,Fast,SURVIVAL,dynamic,unknown,20,True,60.0,243,4.05
019_021,c:\Projects\signia-fsl-recognition\dynamic_raw\19\9.MOV,19,FAST,Fast,SURVIVAL,dynamic,unknown,21,True,60.0,243,4.05
020_001,c:\Projects\signia-fsl-recognition\dynamic_raw\20\0.MOV,20,ONE,One,NUMBER,dynamic,unknown,1,True,60.0,245,4.083333333333333
020_002,c:\Projects\signia-fsl-recognition\dynamic_raw\20\1.MOV,20,ONE,One,NUMBER,dynamic,unknown,2,True,60.0,245,4.083333333333333
020_003,c:\Projects\signia-fsl-recognition\dynamic_raw\20\10.MOV,20,ONE,One,NUMBER,dynamic,unknown,3,True,60.0,245,4.083333333333333
020_004,c:\Projects\signia-fsl-recognition\dynamic_raw\20\11.MOV,20,ONE,One,NUMBER,dynamic,unknown,4,True,60.0,245,4.083333333333333
020_005,c:\Projects\signia-fsl-recognition\dynamic_raw\20\12.MOV,20,ONE,One,NUMBER,dynamic,unknown,5,True,60.0,244,4.066666666666666
020_006,c:\Projects\signia-fsl-recognition\dynamic_raw\20\13.MOV,20,ONE,One,NUMBER,dynamic,unknown,6,True,60.0,244,4.066666666666666
020_007,c:\Projects\signia-fsl-recognition\dynamic_raw\20\14.MOV,20,ONE,One,NUMBER,dynamic,unknown,7,True,60.0,244,4.066666666666666
020_008,c:\Projects\signia-fsl-recognition\dynamic_raw\20\15.MOV,20,ONE,One,NUMBER,dynamic,unknown,8,True,60.0,245,4.083333333333333
020_009,c:\Projects\signia-fsl-recognition\dynamic_raw\20\16.MOV,20,ONE,One,NUMBER,dynamic,unknown,9,True,60.0,245,4.083333333333333
020_010,c:\Projects\signia-fsl-recognition\dynamic_raw\20\17.MOV,20,ONE,One,NUMBER,dynamic,unknown,10,True,60.0,244,4.066666666666666
020_011,c:\Projects\signia-fsl-recognition\dynamic_raw\20\18.MOV,20,ONE,One,NUMBER,dynamic,unknown,11,True,60.0,244,4.066666666666666
020_012,c:\Projects\signia-fsl-recognition\dynamic_raw\20\19.MOV,20,ONE,One,NUMBER,dynamic,unknown,12,True,60.0,244,4.066666666666666
020_013,c:\Projects\signia-fsl-recognition\dynamic_raw\20\2.MOV,20,ONE,One,NUMBER,dynamic,unknown,13,True,60.0,244,4.066666666666666
020_014,c:\Projects\signia-fsl-recognition\dynamic_raw\20\3.MOV,20,ONE,One,NUMBER,dynamic,unknown,14,True,60.0,244,4.066666666666666
020_015,c:\Projects\signia-fsl-recognition\dynamic_raw\20\4.MOV,20,ONE,One,NUMBER,dynamic,unknown,15,True,60.0,244,4.066666666666666
020_016,c:\Projects\signia-fsl-recognition\dynamic_raw\20\5.MOV,20,ONE,One,NUMBER,dynamic,unknown,16,True,60.0,245,4.083333333333333
020_017,c:\Projects\signia-fsl-recognition\dynamic_raw\20\6.MOV,20,ONE,One,NUMBER,dynamic,unknown,17,True,60.0,244,4.066666666666666
020_018,c:\Projects\signia-fsl-recognition\dynamic_raw\20\7.MOV,20,ONE,One,NUMBER,dynamic,unknown,18,True,60.0,244,4.066666666666666
020_019,c:\Projects\signia-fsl-recognition\dynamic_raw\20\8.MOV,20,ONE,One,NUMBER,dynamic,unknown,19,True,60.0,244,4.066666666666666
020_020,c:\Projects\signia-fsl-recognition\dynamic_raw\20\9.MOV,20,ONE,One,NUMBER,dynamic,unknown,20,True,60.0,244,4.066666666666666
021_001,c:\Projects\signia-fsl-recognition\dynamic_raw\21\0.MOV,21,TWO,Two,NUMBER,dynamic,unknown,1,True,60.0,244,4.066666666666666
021_002,c:\Projects\signia-fsl-recognition\dynamic_raw\21\1.MOV,21,TWO,Two,NUMBER,dynamic,unknown,2,True,60.0,244,4.066666666666666
021_003,c:\Projects\signia-fsl-recognition\dynamic_raw\21\10.MOV,21,TWO,Two,NUMBER,dynamic,unknown,3,True,60.0,244,4.066666666666666
021_004,c:\Projects\signia-fsl-recognition\dynamic_raw\21\11.MOV,21,TWO,Two,NUMBER,dynamic,unknown,4,True,60.0,244,4.066666666666666
021_005,c:\Projects\signia-fsl-recognition\dynamic_raw\21\12.MOV,21,TWO,Two,NUMBER,dynamic,unknown,5,True,60.0,244,4.066666666666666
021_006,c:\Projects\signia-fsl-recognition\dynamic_raw\21\13.MOV,21,TWO,Two,NUMBER,dynamic,unknown,6,True,60.0,244,4.066666666666666
021_007,c:\Projects\signia-fsl-recognition\dynamic_raw\21\14.MOV,21,TWO,Two,NUMBER,dynamic,unknown,7,True,60.0,244,4.066666666666666
021_008,c:\Projects\signia-fsl-recognition\dynamic_raw\21\15.MOV,21,TWO,Two,NUMBER,dynamic,unknown,8,True,60.0,244,4.066666666666666
021_009,c:\Projects\signia-fsl-recognition\dynamic_raw\21\16.MOV,21,TWO,Two,NUMBER,dynamic,unknown,9,True,60.0,244,4.066666666666666
021_010,c:\Projects\signia-fsl-recognition\dynamic_raw\21\17.MOV,21,TWO,Two,NUMBER,dynamic,unknown,10,True,60.0,244,4.066666666666666
021_011,c:\Projects\signia-fsl-recognition\dynamic_raw\21\18.MOV,21,TWO,Two,NUMBER,dynamic,unknown,11,True,60.0,244,4.066666666666666
021_012,c:\Projects\signia-fsl-recognition\dynamic_raw\21\19.MOV,21,TWO,Two,NUMBER,dynamic,unknown,12,True,60.0,244,4.066666666666666
021_013,c:\Projects\signia-fsl-recognition\dynamic_raw\21\2.MOV,21,TWO,Two,NUMBER,dynamic,unknown,13,True,60.0,244,4.066666666666666
021_014,c:\Projects\signia-fsl-recognition\dynamic_raw\21\3.MOV,21,TWO,Two,NUMBER,dynamic,unknown,14,True,60.0,244,4.066666666666666
021_015,c:\Projects\signia-fsl-recognition\dynamic_raw\21\4.MOV,21,TWO,Two,NUMBER,dynamic,unknown,15,True,60.0,244,4.066666666666666
021_016,c:\Projects\signia-fsl-recognition\dynamic_raw\21\5.MOV,21,TWO,Two,NUMBER,dynamic,unknown,16,True,60.0,244,4.066666666666666
021_017,c:\Projects\signia-fsl-recognition\dynamic_raw\21\6.MOV,21,TWO,Two,NUMBER,dynamic,unknown,17,True,60.0,244,4.066666666666666
021_018,c:\Projects\signia-fsl-recognition\dynamic_raw\21\7.MOV,21,TWO,Two,NUMBER,dynamic,unknown,18,True,60.0,244,4.066666666666666
021_019,c:\Projects\signia-fsl-recognition\dynamic_raw\21\8.MOV,21,TWO,Two,NUMBER,dynamic,unknown,19,True,60.0,244,4.066666666666666
021_020,c:\Projects\signia-fsl-recognition\dynamic_raw\21\9.MOV,21,TWO,Two,NUMBER,dynamic,unknown,20,True,60.0,244,4.066666666666666
022_001,c:\Projects\signia-fsl-recognition\dynamic_raw\22\0.MOV,22,THREE,Three,NUMBER,dynamic,unknown,1,True,60.0,244,4.066666666666666
022_002,c:\Projects\signia-fsl-recognition\dynamic_raw\22\1.MOV,22,THREE,Three,NUMBER,dynamic,unknown,2,True,60.0,244,4.066666666666666
022_003,c:\Projects\signia-fsl-recognition\dynamic_raw\22\10.MOV,22,THREE,Three,NUMBER,dynamic,unknown,3,True,60.0,244,4.066666666666666
022_004,c:\Projects\signia-fsl-recognition\dynamic_raw\22\11.MOV,22,THREE,Three,NUMBER,dynamic,unknown,4,True,60.0,244,4.066666666666666
022_005,c:\Projects\signia-fsl-recognition\dynamic_raw\22\12.MOV,22,THREE,Three,NUMBER,dynamic,unknown,5,True,60.0,244,4.066666666666666
022_006,c:\Projects\signia-fsl-recognition\dynamic_raw\22\13.MOV,22,THREE,Three,NUMBER,dynamic,unknown,6,True,60.0,244,4.066666666666666
022_007,c:\Projects\signia-fsl-recognition\dynamic_raw\22\14.MOV,22,THREE,Three,NUMBER,dynamic,unknown,7,True,60.0,244,4.066666666666666
022_008,c:\Projects\signia-fsl-recognition\dynamic_raw\22\15.MOV,22,THREE,Three,NUMBER,dynamic,unknown,8,True,60.0,244,4.066666666666666
022_009,c:\Projects\signia-fsl-recognition\dynamic_raw\22\16.MOV,22,THREE,Three,NUMBER,dynamic,unknown,9,True,60.0,244,4.066666666666666
022_010,c:\Projects\signia-fsl-recognition\dynamic_raw\22\17.MOV,22,THREE,Three,NUMBER,dynamic,unknown,10,True,60.0,244,4.066666666666666
022_011,c:\Projects\signia-fsl-recognition\dynamic_raw\22\18.MOV,22,THREE,Three,NUMBER,dynamic,unknown,11,True,60.0,244,4.066666666666666
022_012,c:\Projects\signia-fsl-recognition\dynamic_raw\22\19.MOV,22,THREE,Three,NUMBER,dynamic,unknown,12,True,60.0,244,4.066666666666666
022_013,c:\Projects\signia-fsl-recognition\dynamic_raw\22\2.MOV,22,THREE,Three,NUMBER,dynamic,unknown,13,True,60.0,244,4.066666666666666
022_014,c:\Projects\signia-fsl-recognition\dynamic_raw\22\3.MOV,22,THREE,Three,NUMBER,dynamic,unknown,14,True,60.0,244,4.066666666666666
022_015,c:\Projects\signia-fsl-recognition\dynamic_raw\22\4.MOV,22,THREE,Three,NUMBER,dynamic,unknown,15,True,60.0,244,4.066666666666666
022_016,c:\Projects\signia-fsl-recognition\dynamic_raw\22\5.MOV,22,THREE,Three,NUMBER,dynamic,unknown,16,True,60.0,244,4.066666666666666
022_017,c:\Projects\signia-fsl-recognition\dynamic_raw\22\6.MOV,22,THREE,Three,NUMBER,dynamic,unknown,17,True,60.0,244,4.066666666666666
022_018,c:\Projects\signia-fsl-recognition\dynamic_raw\22\7.MOV,22,THREE,Three,NUMBER,dynamic,unknown,18,True,60.0,244,4.066666666666666
022_019,c:\Projects\signia-fsl-recognition\dynamic_raw\22\8.MOV,22,THREE,Three,NUMBER,dynamic,unknown,19,True,60.0,244,4.066666666666666
022_020,c:\Projects\signia-fsl-recognition\dynamic_raw\22\9.MOV,22,THREE,Three,NUMBER,dynamic,unknown,20,True,60.0,244,4.066666666666666
023_001,c:\Projects\signia-fsl-recognition\dynamic_raw\23\0.MOV,23,FOUR,Four,NUMBER,dynamic,unknown,1,True,60.0,244,4.066666666666666
023_002,c:\Projects\signia-fsl-recognition\dynamic_raw\23\1.MOV,23,FOUR,Four,NUMBER,dynamic,unknown,2,True,60.0,244,4.066666666666666
023_003,c:\Projects\signia-fsl-recognition\dynamic_raw\23\10.MOV,23,FOUR,Four,NUMBER,dynamic,unknown,3,True,60.0,244,4.066666666666666
023_004,c:\Projects\signia-fsl-recognition\dynamic_raw\23\11.MOV,23,FOUR,Four,NUMBER,dynamic,unknown,4,True,60.0,244,4.066666666666666
023_005,c:\Projects\signia-fsl-recognition\dynamic_raw\23\12.MOV,23,FOUR,Four,NUMBER,dynamic,unknown,5,True,60.0,244,4.066666666666666
023_006,c:\Projects\signia-fsl-recognition\dynamic_raw\23\13.MOV,23,FOUR,Four,NUMBER,dynamic,unknown,6,True,60.0,244,4.066666666666666
023_007,c:\Projects\signia-fsl-recognition\dynamic_raw\23\14.MOV,23,FOUR,Four,NUMBER,dynamic,unknown,7,True,60.0,244,4.066666666666666
023_008,c:\Projects\signia-fsl-recognition\dynamic_raw\23\15.MOV,23,FOUR,Four,NUMBER,dynamic,unknown,8,True,60.0,244,4.066666666666666
023_009,c:\Projects\signia-fsl-recognition\dynamic_raw\23\16.MOV,23,FOUR,Four,NUMBER,dynamic,unknown,9,True,60.0,244,4.066666666666666
023_010,c:\Projects\signia-fsl-recognition\dynamic_raw\23\17.MOV,23,FOUR,Four,NUMBER,dynamic,unknown,10,True,60.0,244,4.066666666666666
023_011,c:\Projects\signia-fsl-recognition\dynamic_raw\23\18.MOV,23,FOUR,Four,NUMBER,dynamic,unknown,11,True,60.0,244,4.066666666666666
023_012,c:\Projects\signia-fsl-recognition\dynamic_raw\23\19.MOV,23,FOUR,Four,NUMBER,dynamic,unknown,12,True,60.0,244,4.066666666666666
023_013,c:\Projects\signia-fsl-recognition\dynamic_raw\23\2.MOV,23,FOUR,Four,NUMBER,dynamic,unknown,13,True,60.0,244,4.066666666666666
023_014,c:\Projects\signia-fsl-recognition\dynamic_raw\23\3.MOV,23,FOUR,Four,NUMBER,dynamic,unknown,14,True,60.0,244,4.066666666666666
023_015,c:\Projects\signia-fsl-recognition\dynamic_raw\23\4.MOV,23,FOUR,Four,NUMBER,dynamic,unknown,15,True,60.0,244,4.066666666666666
023_016,c:\Projects\signia-fsl-recognition\dynamic_raw\23\5.MOV,23,FOUR,Four,NUMBER,dynamic,unknown,16,True,60.0,244,4.066666666666666
023_017,c:\Projects\signia-fsl-recognition\dynamic_raw\23\6.MOV,23,FOUR,Four,NUMBER,dynamic,unknown,17,True,60.0,244,4.066666666666666
023_018,c:\Projects\signia-fsl-recognition\dynamic_raw\23\7.MOV,23,FOUR,Four,NUMBER,dynamic,unknown,18,True,60.0,244,4.066666666666666
023_019,c:\Projects\signia-fsl-recognition\dynamic_raw\23\8.MOV,23,FOUR,Four,NUMBER,dynamic,unknown,19,True,60.0,244,4.066666666666666
023_020,c:\Projects\signia-fsl-recognition\dynamic_raw\23\9.MOV,23,FOUR,Four,NUMBER,dynamic,unknown,20,True,60.0,244,4.066666666666666
024_001,c:\Projects\signia-fsl-recognition\dynamic_raw\24\0.MOV,24,FIVE,Five,NUMBER,dynamic,unknown,1,True,60.0,244,4.066666666666666
024_002,c:\Projects\signia-fsl-recognition\dynamic_raw\24\1.MOV,24,FIVE,Five,NUMBER,dynamic,unknown,2,True,60.0,244,4.066666666666666
024_003,c:\Projects\signia-fsl-recognition\dynamic_raw\24\10.MOV,24,FIVE,Five,NUMBER,dynamic,unknown,3,True,60.0,244,4.066666666666666
024_004,c:\Projects\signia-fsl-recognition\dynamic_raw\24\11.MOV,24,FIVE,Five,NUMBER,dynamic,unknown,4,True,60.0,244,4.066666666666666
024_005,c:\Projects\signia-fsl-recognition\dynamic_raw\24\12.MOV,24,FIVE,Five,NUMBER,dynamic,unknown,5,True,60.0,244,4.066666666666666
024_006,c:\Projects\signia-fsl-recognition\dynamic_raw\24\13.MOV,24,FIVE,Five,NUMBER,dynamic,unknown,6,True,60.0,244,4.066666666666666
024_007,c:\Projects\signia-fsl-recognition\dynamic_raw\24\14.MOV,24,FIVE,Five,NUMBER,dynamic,unknown,7,True,60.0,244,4.066666666666666
024_008,c:\Projects\signia-fsl-recognition\dynamic_raw\24\15.MOV,24,FIVE,Five,NUMBER,dynamic,unknown,8,True,60.0,244,4.066666666666666
024_009,c:\Projects\signia-fsl-recognition\dynamic_raw\24\16.MOV,24,FIVE,Five,NUMBER,dynamic,unknown,9,True,60.0,244,4.066666666666666
024_010,c:\Projects\signia-fsl-recognition\dynamic_raw\24\17.MOV,24,FIVE,Five,NUMBER,dynamic,unknown,10,True,60.0,244,4.066666666666666
024_011,c:\Projects\signia-fsl-recognition\dynamic_raw\24\18.MOV,24,FIVE,Five,NUMBER,dynamic,unknown,11,True,60.0,244,4.066666666666666
024_012,c:\Projects\signia-fsl-recognition\dynamic_raw\24\19.MOV,24,FIVE,Five,NUMBER,dynamic,unknown,12,True,60.0,244,4.066666666666666
024_013,c:\Projects\signia-fsl-recognition\dynamic_raw\24\2.MOV,24,FIVE,Five,NUMBER,dynamic,unknown,13,True,60.0,244,4.066666666666666
024_014,c:\Projects\signia-fsl-recognition\dynamic_raw\24\3.MOV,24,FIVE,Five,NUMBER,dynamic,unknown,14,True,60.0,244,4.066666666666666
024_015,c:\Projects\signia-fsl-recognition\dynamic_raw\24\4.MOV,24,FIVE,Five,NUMBER,dynamic,unknown,15,True,60.0,244,4.066666666666666
024_016,c:\Projects\signia-fsl-recognition\dynamic_raw\24\5.MOV,24,FIVE,Five,NUMBER,dynamic,unknown,16,True,60.0,244,4.066666666666666
024_017,c:\Projects\signia-fsl-recognition\dynamic_raw\24\6.MOV,24,FIVE,Five,NUMBER,dynamic,unknown,17,True,60.0,244,4.066666666666666
024_018,c:\Projects\signia-fsl-recognition\dynamic_raw\24\7.MOV,24,FIVE,Five,NUMBER,dynamic,unknown,18,True,60.0,244,4.066666666666666
024_019,c:\Projects\signia-fsl-recognition\dynamic_raw\24\8.MOV,24,FIVE,Five,NUMBER,dynamic,unknown,19,True,60.0,244,4.066666666666666
024_020,c:\Projects\signia-fsl-recognition\dynamic_raw\24\9.MOV,24,FIVE,Five,NUMBER,dynamic,unknown,20,True,60.0,244,4.066666666666666
025_001,c:\Projects\signia-fsl-recognition\dynamic_raw\25\0.MOV,25,SIX,Six,NUMBER,dynamic,unknown,1,True,60.0,244,4.066666666666666
025_002,c:\Projects\signia-fsl-recognition\dynamic_raw\25\1.MOV,25,SIX,Six,NUMBER,dynamic,unknown,2,True,60.0,244,4.066666666666666
025_003,c:\Projects\signia-fsl-recognition\dynamic_raw\25\10.MOV,25,SIX,Six,NUMBER,dynamic,unknown,3,True,60.0,244,4.066666666666666
025_004,c:\Projects\signia-fsl-recognition\dynamic_raw\25\11.MOV,25,SIX,Six,NUMBER,dynamic,unknown,4,True,60.0,244,4.066666666666666
025_005,c:\Projects\signia-fsl-recognition\dynamic_raw\25\12.MOV,25,SIX,Six,NUMBER,dynamic,unknown,5,True,60.0,244,4.066666666666666
025_006,c:\Projects\signia-fsl-recognition\dynamic_raw\25\13.MOV,25,SIX,Six,NUMBER,dynamic,unknown,6,True,60.0,244,4.066666666666666
025_007,c:\Projects\signia-fsl-recognition\dynamic_raw\25\14.MOV,25,SIX,Six,NUMBER,dynamic,unknown,7,True,60.0,244,4.066666666666666
025_008,c:\Projects\signia-fsl-recognition\dynamic_raw\25\15.MOV,25,SIX,Six,NUMBER,dynamic,unknown,8,True,60.0,243,4.05
025_009,c:\Projects\signia-fsl-recognition\dynamic_raw\25\16.MOV,25,SIX,Six,NUMBER,dynamic,unknown,9,True,60.0,243,4.05
025_010,c:\Projects\signia-fsl-recognition\dynamic_raw\25\17.MOV,25,SIX,Six,NUMBER,dynamic,unknown,10,True,60.0,243,4.05
025_011,c:\Projects\signia-fsl-recognition\dynamic_raw\25\18.MOV,25,SIX,Six,NUMBER,dynamic,unknown,11,True,60.0,243,4.05
025_012,c:\Projects\signia-fsl-recognition\dynamic_raw\25\19.MOV,25,SIX,Six,NUMBER,dynamic,unknown,12,True,60.0,243,4.05
025_013,c:\Projects\signia-fsl-recognition\dynamic_raw\25\2.MOV,25,SIX,Six,NUMBER,dynamic,unknown,13,True,60.0,244,4.066666666666666
025_014,c:\Projects\signia-fsl-recognition\dynamic_raw\25\3.MOV,25,SIX,Six,NUMBER,dynamic,unknown,14,True,60.0,244,4.066666666666666
025_015,c:\Projects\signia-fsl-recognition\dynamic_raw\25\4.MOV,25,SIX,Six,NUMBER,dynamic,unknown,15,True,60.0,244,4.066666666666666
025_016,c:\Projects\signia-fsl-recognition\dynamic_raw\25\5.MOV,25,SIX,Six,NUMBER,dynamic,unknown,16,True,60.0,244,4.066666666666666
025_017,c:\Projects\signia-fsl-recognition\dynamic_raw\25\6.MOV,25,SIX,Six,NUMBER,dynamic,unknown,17,True,60.0,244,4.066666666666666
025_018,c:\Projects\signia-fsl-recognition\dynamic_raw\25\7.MOV,25,SIX,Six,NUMBER,dynamic,unknown,18,True,60.0,244,4.066666666666666
025_019,c:\Projects\signia-fsl-recognition\dynamic_raw\25\8.MOV,25,SIX,Six,NUMBER,dynamic,unknown,19,True,60.0,244,4.066666666666666
025_020,c:\Projects\signia-fsl-recognition\dynamic_raw\25\9.MOV,25,SIX,Six,NUMBER,dynamic,unknown,20,True,60.0,244,4.066666666666666
026_001,c:\Projects\signia-fsl-recognition\dynamic_raw\26\0.MOV,26,SEVEN,Seven,NUMBER,dynamic,unknown,1,True,60.0,243,4.05
026_002,c:\Projects\signia-fsl-recognition\dynamic_raw\26\1.MOV,26,SEVEN,Seven,NUMBER,dynamic,unknown,2,True,60.0,243,4.05
026_003,c:\Projects\signia-fsl-recognition\dynamic_raw\26\10.MOV,26,SEVEN,Seven,NUMBER,dynamic,unknown,3,True,60.0,244,4.066666666666666
026_004,c:\Projects\signia-fsl-recognition\dynamic_raw\26\11.MOV,26,SEVEN,Seven,NUMBER,dynamic,unknown,4,True,60.0,244,4.066666666666666
026_005,c:\Projects\signia-fsl-recognition\dynamic_raw\26\12.MOV,26,SEVEN,Seven,NUMBER,dynamic,unknown,5,True,60.0,244,4.066666666666666
026_006,c:\Projects\signia-fsl-recognition\dynamic_raw\26\13.MOV,26,SEVEN,Seven,NUMBER,dynamic,unknown,6,True,60.0,243,4.05
026_007,c:\Projects\signia-fsl-recognition\dynamic_raw\26\14.MOV,26,SEVEN,Seven,NUMBER,dynamic,unknown,7,True,60.0,243,4.05
026_008,c:\Projects\signia-fsl-recognition\dynamic_raw\26\15.MOV,26,SEVEN,Seven,NUMBER,dynamic,unknown,8,True,60.0,243,4.05
026_009,c:\Projects\signia-fsl-recognition\dynamic_raw\26\16.MOV,26,SEVEN,Seven,NUMBER,dynamic,unknown,9,True,60.0,243,4.05
026_010,c:\Projects\signia-fsl-recognition\dynamic_raw\26\17.MOV,26,SEVEN,Seven,NUMBER,dynamic,unknown,10,True,60.0,243,4.05
026_011,c:\Projects\signia-fsl-recognition\dynamic_raw\26\18.MOV,26,SEVEN,Seven,NUMBER,dynamic,unknown,11,True,60.0,243,4.05
026_012,c:\Projects\signia-fsl-recognition\dynamic_raw\26\19.MOV,26,SEVEN,Seven,NUMBER,dynamic,unknown,12,True,60.0,243,4.05
026_013,c:\Projects\signia-fsl-recognition\dynamic_raw\26\2.MOV,26,SEVEN,Seven,NUMBER,dynamic,unknown,13,True,60.0,243,4.05
026_014,c:\Projects\signia-fsl-recognition\dynamic_raw\26\20.MOV,26,SEVEN,Seven,NUMBER,dynamic,unknown,14,True,60.0,243,4.05
026_015,c:\Projects\signia-fsl-recognition\dynamic_raw\26\3.MOV,26,SEVEN,Seven,NUMBER,dynamic,unknown,15,True,60.0,243,4.05
026_016,c:\Projects\signia-fsl-recognition\dynamic_raw\26\4.MOV,26,SEVEN,Seven,NUMBER,dynamic,unknown,16,True,60.0,243,4.05
026_017,c:\Projects\signia-fsl-recognition\dynamic_raw\26\5.MOV,26,SEVEN,Seven,NUMBER,dynamic,unknown,17,True,60.0,243,4.05
026_018,c:\Projects\signia-fsl-recognition\dynamic_raw\26\6.MOV,26,SEVEN,Seven,NUMBER,dynamic,unknown,18,True,60.0,244,4.066666666666666
026_019,c:\Projects\signia-fsl-recognition\dynamic_raw\26\7.MOV,26,SEVEN,Seven,NUMBER,dynamic,unknown,19,True,60.0,244,4.066666666666666
026_020,c:\Projects\signia-fsl-recognition\dynamic_raw\26\8.MOV,26,SEVEN,Seven,NUMBER,dynamic,unknown,20,True,60.0,244,4.066666666666666
026_021,c:\Projects\signia-fsl-recognition\dynamic_raw\26\9.MOV,26,SEVEN,Seven,NUMBER,dynamic,unknown,21,True,60.0,244,4.066666666666666
027_001,c:\Projects\signia-fsl-recognition\dynamic_raw\27\0.MOV,27,EIGHT,Eight,NUMBER,dynamic,unknown,1,True,60.0,243,4.05
027_002,c:\Projects\signia-fsl-recognition\dynamic_raw\27\1.MOV,27,EIGHT,Eight,NUMBER,dynamic,unknown,2,True,60.0,243,4.05
027_003,c:\Projects\signia-fsl-recognition\dynamic_raw\27\10.MOV,27,EIGHT,Eight,NUMBER,dynamic,unknown,3,True,60.0,243,4.05
027_004,c:\Projects\signia-fsl-recognition\dynamic_raw\27\11.MOV,27,EIGHT,Eight,NUMBER,dynamic,unknown,4,True,60.0,243,4.05
027_005,c:\Projects\signia-fsl-recognition\dynamic_raw\27\12.MOV,27,EIGHT,Eight,NUMBER,dynamic,unknown,5,True,60.0,243,4.05
027_006,c:\Projects\signia-fsl-recognition\dynamic_raw\27\13.MOV,27,EIGHT,Eight,NUMBER,dynamic,unknown,6,True,60.0,243,4.05
027_007,c:\Projects\signia-fsl-recognition\dynamic_raw\27\14.MOV,27,EIGHT,Eight,NUMBER,dynamic,unknown,7,True,60.0,243,4.05
027_008,c:\Projects\signia-fsl-recognition\dynamic_raw\27\15.MOV,27,EIGHT,Eight,NUMBER,dynamic,unknown,8,True,60.0,243,4.05
027_009,c:\Projects\signia-fsl-recognition\dynamic_raw\27\16.MOV,27,EIGHT,Eight,NUMBER,dynamic,unknown,9,True,60.0,243,4.05
027_010,c:\Projects\signia-fsl-recognition\dynamic_raw\27\17.MOV,27,EIGHT,Eight,NUMBER,dynamic,unknown,10,True,60.0,243,4.05
027_011,c:\Projects\signia-fsl-recognition\dynamic_raw\27\18.MOV,27,EIGHT,Eight,NUMBER,dynamic,unknown,11,True,60.0,243,4.05
027_012,c:\Projects\signia-fsl-recognition\dynamic_raw\27\19.MOV,27,EIGHT,Eight,NUMBER,dynamic,unknown,12,True,60.0,243,4.05
027_013,c:\Projects\signia-fsl-recognition\dynamic_raw\27\2.MOV,27,EIGHT,Eight,NUMBER,dynamic,unknown,13,True,60.0,243,4.05
027_014,c:\Projects\signia-fsl-recognition\dynamic_raw\27\20.MOV,27,EIGHT,Eight,NUMBER,dynamic,unknown,14,True,60.0,243,4.05
027_015,c:\Projects\signia-fsl-recognition\dynamic_raw\27\3.MOV,27,EIGHT,Eight,NUMBER,dynamic,unknown,15,True,60.0,243,4.05
027_016,c:\Projects\signia-fsl-recognition\dynamic_raw\27\4.MOV,27,EIGHT,Eight,NUMBER,dynamic,unknown,16,True,60.0,243,4.05
027_017,c:\Projects\signia-fsl-recognition\dynamic_raw\27\5.MOV,27,EIGHT,Eight,NUMBER,dynamic,unknown,17,True,60.0,243,4.05
027_018,c:\Projects\signia-fsl-recognition\dynamic_raw\27\6.MOV,27,EIGHT,Eight,NUMBER,dynamic,unknown,18,True,60.0,244,4.066666666666666
027_019,c:\Projects\signia-fsl-recognition\dynamic_raw\27\7.MOV,27,EIGHT,Eight,NUMBER,dynamic,unknown,19,True,60.0,244,4.066666666666666
027_020,c:\Projects\signia-fsl-recognition\dynamic_raw\27\8.MOV,27,EIGHT,Eight,NUMBER,dynamic,unknown,20,True,60.0,243,4.05
027_021,c:\Projects\signia-fsl-recognition\dynamic_raw\27\9.MOV,27,EIGHT,Eight,NUMBER,dynamic,unknown,21,True,60.0,243,4.05
028_001,c:\Projects\signia-fsl-recognition\dynamic_raw\28\0.MOV,28,NINE,Nine,NUMBER,dynamic,unknown,1,True,60.0,243,4.05
028_002,c:\Projects\signia-fsl-recognition\dynamic_raw\28\1.MOV,28,NINE,Nine,NUMBER,dynamic,unknown,2,True,60.0,243,4.05
028_003,c:\Projects\signia-fsl-recognition\dynamic_raw\28\10.MOV,28,NINE,Nine,NUMBER,dynamic,unknown,3,True,60.0,243,4.05
028_004,c:\Projects\signia-fsl-recognition\dynamic_raw\28\11.MOV,28,NINE,Nine,NUMBER,dynamic,unknown,4,True,60.0,243,4.05
028_005,c:\Projects\signia-fsl-recognition\dynamic_raw\28\12.MOV,28,NINE,Nine,NUMBER,dynamic,unknown,5,True,60.0,243,4.05
028_006,c:\Projects\signia-fsl-recognition\dynamic_raw\28\13.MOV,28,NINE,Nine,NUMBER,dynamic,unknown,6,True,60.0,243,4.05
028_007,c:\Projects\signia-fsl-recognition\dynamic_raw\28\14.MOV,28,NINE,Nine,NUMBER,dynamic,unknown,7,True,60.0,243,4.05
028_008,c:\Projects\signia-fsl-recognition\dynamic_raw\28\15.MOV,28,NINE,Nine,NUMBER,dynamic,unknown,8,True,60.0,243,4.05
028_009,c:\Projects\signia-fsl-recognition\dynamic_raw\28\16.MOV,28,NINE,Nine,NUMBER,dynamic,unknown,9,True,60.0,243,4.05
028_010,c:\Projects\signia-fsl-recognition\dynamic_raw\28\17.MOV,28,NINE,Nine,NUMBER,dynamic,unknown,10,True,60.0,243,4.05
028_011,c:\Projects\signia-fsl-recognition\dynamic_raw\28\18.MOV,28,NINE,Nine,NUMBER,dynamic,unknown,11,True,60.0,243,4.05
028_012,c:\Projects\signia-fsl-recognition\dynamic_raw\28\19.MOV,28,NINE,Nine,NUMBER,dynamic,unknown,12,True,60.0,243,4.05
028_013,c:\Projects\signia-fsl-recognition\dynamic_raw\28\2.MOV,28,NINE,Nine,NUMBER,dynamic,unknown,13,True,60.0,243,4.05
028_014,c:\Projects\signia-fsl-recognition\dynamic_raw\28\3.MOV,28,NINE,Nine,NUMBER,dynamic,unknown,14,True,60.0,243,4.05
028_015,c:\Projects\signia-fsl-recognition\dynamic_raw\28\4.MOV,28,NINE,Nine,NUMBER,dynamic,unknown,15,True,60.0,243,4.05
028_016,c:\Projects\signia-fsl-recognition\dynamic_raw\28\5.MOV,28,NINE,Nine,NUMBER,dynamic,unknown,16,True,60.0,243,4.05
028_017,c:\Projects\signia-fsl-recognition\dynamic_raw\28\6.MOV,28,NINE,Nine,NUMBER,dynamic,unknown,17,True,60.0,243,4.05
028_018,c:\Projects\signia-fsl-recognition\dynamic_raw\28\7.MOV,28,NINE,Nine,NUMBER,dynamic,unknown,18,True,60.0,243,4.05
028_019,c:\Projects\signia-fsl-recognition\dynamic_raw\28\8.MOV,28,NINE,Nine,NUMBER,dynamic,unknown,19,True,60.0,243,4.05
028_020,c:\Projects\signia-fsl-recognition\dynamic_raw\28\9.MOV,28,NINE,Nine,NUMBER,dynamic,unknown,20,True,60.0,243,4.05
029_001,c:\Projects\signia-fsl-recognition\dynamic_raw\29\0.MOV,29,TEN,Ten,NUMBER,dynamic,unknown,1,True,60.0,243,4.05
029_002,c:\Projects\signia-fsl-recognition\dynamic_raw\29\1.MOV,29,TEN,Ten,NUMBER,dynamic,unknown,2,True,60.0,243,4.05
029_003,c:\Projects\signia-fsl-recognition\dynamic_raw\29\10.MOV,29,TEN,Ten,NUMBER,dynamic,unknown,3,True,60.0,243,4.05
029_004,c:\Projects\signia-fsl-recognition\dynamic_raw\29\11.MOV,29,TEN,Ten,NUMBER,dynamic,unknown,4,True,60.0,243,4.05
029_005,c:\Projects\signia-fsl-recognition\dynamic_raw\29\12.MOV,29,TEN,Ten,NUMBER,dynamic,unknown,5,True,60.0,243,4.05
029_006,c:\Projects\signia-fsl-recognition\dynamic_raw\29\13.MOV,29,TEN,Ten,NUMBER,dynamic,unknown,6,True,60.0,243,4.05
029_007,c:\Projects\signia-fsl-recognition\dynamic_raw\29\14.MOV,29,TEN,Ten,NUMBER,dynamic,unknown,7,True,60.0,243,4.05
029_008,c:\Projects\signia-fsl-recognition\dynamic_raw\29\15.MOV,29,TEN,Ten,NUMBER,dynamic,unknown,8,True,60.0,243,4.05
029_009,c:\Projects\signia-fsl-recognition\dynamic_raw\29\16.MOV,29,TEN,Ten,NUMBER,dynamic,unknown,9,True,60.0,243,4.05
029_010,c:\Projects\signia-fsl-recognition\dynamic_raw\29\17.MOV,29,TEN,Ten,NUMBER,dynamic,unknown,10,True,60.0,243,4.05
029_011,c:\Projects\signia-fsl-recognition\dynamic_raw\29\18.MOV,29,TEN,Ten,NUMBER,dynamic,unknown,11,True,60.0,243,4.05
029_012,c:\Projects\signia-fsl-recognition\dynamic_raw\29\19.MOV,29,TEN,Ten,NUMBER,dynamic,unknown,12,True,60.0,243,4.05
029_013,c:\Projects\signia-fsl-recognition\dynamic_raw\29\2.MOV,29,TEN,Ten,NUMBER,dynamic,unknown,13,True,60.0,243,4.05
029_014,c:\Projects\signia-fsl-recognition\dynamic_raw\29\3.MOV,29,TEN,Ten,NUMBER,dynamic,unknown,14,True,60.0,243,4.05
029_015,c:\Projects\signia-fsl-recognition\dynamic_raw\29\4.MOV,29,TEN,Ten,NUMBER,dynamic,unknown,15,True,60.0,243,4.05
029_016,c:\Projects\signia-fsl-recognition\dynamic_raw\29\5.MOV,29,TEN,Ten,NUMBER,dynamic,unknown,16,True,60.0,243,4.05
029_017,c:\Projects\signia-fsl-recognition\dynamic_raw\29\6.MOV,29,TEN,Ten,NUMBER,dynamic,unknown,17,True,60.0,243,4.05
029_018,c:\Projects\signia-fsl-recognition\dynamic_raw\29\7.MOV,29,TEN,Ten,NUMBER,dynamic,unknown,18,True,60.0,243,4.05
029_019,c:\Projects\signia-fsl-recognition\dynamic_raw\29\8.MOV,29,TEN,Ten,NUMBER,dynamic,unknown,19,True,60.0,243,4.05
029_020,c:\Projects\signia-fsl-recognition\dynamic_raw\29\9.MOV,29,TEN,Ten,NUMBER,dynamic,unknown,20,True,60.0,243,4.05
030_001,c:\Projects\signia-fsl-recognition\dynamic_raw\30\0.MOV,30,JANUARY,January,CALENDAR,dynamic,unknown,1,True,60.0,244,4.066666666666666
030_002,c:\Projects\signia-fsl-recognition\dynamic_raw\30\1.MOV,30,JANUARY,January,CALENDAR,dynamic,unknown,2,True,60.0,244,4.066666666666666
030_003,c:\Projects\signia-fsl-recognition\dynamic_raw\30\10.MOV,30,JANUARY,January,CALENDAR,dynamic,unknown,3,True,60.0,244,4.066666666666666
030_004,c:\Projects\signia-fsl-recognition\dynamic_raw\30\11.MOV,30,JANUARY,January,CALENDAR,dynamic,unknown,4,True,60.0,244,4.066666666666666
030_005,c:\Projects\signia-fsl-recognition\dynamic_raw\30\12.MOV,30,JANUARY,January,CALENDAR,dynamic,unknown,5,True,60.0,244,4.066666666666666
030_006,c:\Projects\signia-fsl-recognition\dynamic_raw\30\13.MOV,30,JANUARY,January,CALENDAR,dynamic,unknown,6,True,60.0,244,4.066666666666666
030_007,c:\Projects\signia-fsl-recognition\dynamic_raw\30\14.MOV,30,JANUARY,January,CALENDAR,dynamic,unknown,7,True,60.0,244,4.066666666666666
030_008,c:\Projects\signia-fsl-recognition\dynamic_raw\30\15.MOV,30,JANUARY,January,CALENDAR,dynamic,unknown,8,True,60.0,245,4.083333333333333
030_009,c:\Projects\signia-fsl-recognition\dynamic_raw\30\16.MOV,30,JANUARY,January,CALENDAR,dynamic,unknown,9,True,60.0,245,4.083333333333333
030_010,c:\Projects\signia-fsl-recognition\dynamic_raw\30\17.MOV,30,JANUARY,January,CALENDAR,dynamic,unknown,10,True,60.0,244,4.066666666666666
030_011,c:\Projects\signia-fsl-recognition\dynamic_raw\30\18.MOV,30,JANUARY,January,CALENDAR,dynamic,unknown,11,True,60.0,244,4.066666666666666
030_012,c:\Projects\signia-fsl-recognition\dynamic_raw\30\19.MOV,30,JANUARY,January,CALENDAR,dynamic,unknown,12,True,60.0,244,4.066666666666666
030_013,c:\Projects\signia-fsl-recognition\dynamic_raw\30\2.MOV,30,JANUARY,January,CALENDAR,dynamic,unknown,13,True,60.0,244,4.066666666666666
030_014,c:\Projects\signia-fsl-recognition\dynamic_raw\30\3.MOV,30,JANUARY,January,CALENDAR,dynamic,unknown,14,True,60.0,244,4.066666666666666
030_015,c:\Projects\signia-fsl-recognition\dynamic_raw\30\4.MOV,30,JANUARY,January,CALENDAR,dynamic,unknown,15,True,60.0,244,4.066666666666666
030_016,c:\Projects\signia-fsl-recognition\dynamic_raw\30\5.MOV,30,JANUARY,January,CALENDAR,dynamic,unknown,16,True,60.0,245,4.083333333333333
030_017,c:\Projects\signia-fsl-recognition\dynamic_raw\30\6.MOV,30,JANUARY,January,CALENDAR,dynamic,unknown,17,True,60.0,245,4.083333333333333
030_018,c:\Projects\signia-fsl-recognition\dynamic_raw\30\7.MOV,30,JANUARY,January,CALENDAR,dynamic,unknown,18,True,60.0,244,4.066666666666666
030_019,c:\Projects\signia-fsl-recognition\dynamic_raw\30\8.MOV,30,JANUARY,January,CALENDAR,dynamic,unknown,19,True,60.0,244,4.066666666666666
030_020,c:\Projects\signia-fsl-recognition\dynamic_raw\30\9.MOV,30,JANUARY,January,CALENDAR,dynamic,unknown,20,True,60.0,244,4.066666666666666
031_001,c:\Projects\signia-fsl-recognition\dynamic_raw\31\0.MOV,31,FEBRUARY,February,CALENDAR,dynamic,unknown,1,True,60.0,244,4.066666666666666
031_002,c:\Projects\signia-fsl-recognition\dynamic_raw\31\1.MOV,31,FEBRUARY,February,CALENDAR,dynamic,unknown,2,True,60.0,244,4.066666666666666
031_003,c:\Projects\signia-fsl-recognition\dynamic_raw\31\10.MOV,31,FEBRUARY,February,CALENDAR,dynamic,unknown,3,True,60.0,244,4.066666666666666
031_004,c:\Projects\signia-fsl-recognition\dynamic_raw\31\11.MOV,31,FEBRUARY,February,CALENDAR,dynamic,unknown,4,True,60.0,244,4.066666666666666
031_005,c:\Projects\signia-fsl-recognition\dynamic_raw\31\12.MOV,31,FEBRUARY,February,CALENDAR,dynamic,unknown,5,True,60.0,244,4.066666666666666
031_006,c:\Projects\signia-fsl-recognition\dynamic_raw\31\13.MOV,31,FEBRUARY,February,CALENDAR,dynamic,unknown,6,True,60.0,244,4.066666666666666
031_007,c:\Projects\signia-fsl-recognition\dynamic_raw\31\14.MOV,31,FEBRUARY,February,CALENDAR,dynamic,unknown,7,True,60.0,244,4.066666666666666
031_008,c:\Projects\signia-fsl-recognition\dynamic_raw\31\15.MOV,31,FEBRUARY,February,CALENDAR,dynamic,unknown,8,True,60.0,244,4.066666666666666
031_009,c:\Projects\signia-fsl-recognition\dynamic_raw\31\16.MOV,31,FEBRUARY,February,CALENDAR,dynamic,unknown,9,True,60.0,244,4.066666666666666
031_010,c:\Projects\signia-fsl-recognition\dynamic_raw\31\17.MOV,31,FEBRUARY,February,CALENDAR,dynamic,unknown,10,True,60.0,244,4.066666666666666
031_011,c:\Projects\signia-fsl-recognition\dynamic_raw\31\18.MOV,31,FEBRUARY,February,CALENDAR,dynamic,unknown,11,True,60.0,244,4.066666666666666
031_012,c:\Projects\signia-fsl-recognition\dynamic_raw\31\2.MOV,31,FEBRUARY,February,CALENDAR,dynamic,unknown,12,True,60.0,244,4.066666666666666
031_013,c:\Projects\signia-fsl-recognition\dynamic_raw\31\3.MOV,31,FEBRUARY,February,CALENDAR,dynamic,unknown,13,True,60.0,244,4.066666666666666
031_014,c:\Projects\signia-fsl-recognition\dynamic_raw\31\4.MOV,31,FEBRUARY,February,CALENDAR,dynamic,unknown,14,True,60.0,244,4.066666666666666
031_015,c:\Projects\signia-fsl-recognition\dynamic_raw\31\5.MOV,31,FEBRUARY,February,CALENDAR,dynamic,unknown,15,True,60.0,244,4.066666666666666
031_016,c:\Projects\signia-fsl-recognition\dynamic_raw\31\6.MOV,31,FEBRUARY,February,CALENDAR,dynamic,unknown,16,True,60.0,244,4.066666666666666
031_017,c:\Projects\signia-fsl-recognition\dynamic_raw\31\7.MOV,31,FEBRUARY,February,CALENDAR,dynamic,unknown,17,True,60.0,244,4.066666666666666
031_018,c:\Projects\signia-fsl-recognition\dynamic_raw\31\8.MOV,31,FEBRUARY,February,CALENDAR,dynamic,unknown,18,True,60.0,244,4.066666666666666
031_019,c:\Projects\signia-fsl-recognition\dynamic_raw\31\9.MOV,31,FEBRUARY,February,CALENDAR,dynamic,unknown,19,True,60.0,244,4.066666666666666
032_001,c:\Projects\signia-fsl-recognition\dynamic_raw\32\0.MOV,32,MARCH,March,CALENDAR,dynamic,unknown,1,True,60.0,244,4.066666666666666
032_002,c:\Projects\signia-fsl-recognition\dynamic_raw\32\1.MOV,32,MARCH,March,CALENDAR,dynamic,unknown,2,True,60.0,244,4.066666666666666
032_003,c:\Projects\signia-fsl-recognition\dynamic_raw\32\10.MOV,32,MARCH,March,CALENDAR,dynamic,unknown,3,True,60.0,244,4.066666666666666
032_004,c:\Projects\signia-fsl-recognition\dynamic_raw\32\11.MOV,32,MARCH,March,CALENDAR,dynamic,unknown,4,True,60.0,244,4.066666666666666
032_005,c:\Projects\signia-fsl-recognition\dynamic_raw\32\12.MOV,32,MARCH,March,CALENDAR,dynamic,unknown,5,True,60.0,244,4.066666666666666
032_006,c:\Projects\signia-fsl-recognition\dynamic_raw\32\13.MOV,32,MARCH,March,CALENDAR,dynamic,unknown,6,True,60.0,244,4.066666666666666
032_007,c:\Projects\signia-fsl-recognition\dynamic_raw\32\14.MOV,32,MARCH,March,CALENDAR,dynamic,unknown,7,True,60.0,244,4.066666666666666
032_008,c:\Projects\signia-fsl-recognition\dynamic_raw\32\15.MOV,32,MARCH,March,CALENDAR,dynamic,unknown,8,True,60.0,244,4.066666666666666
032_009,c:\Projects\signia-fsl-recognition\dynamic_raw\32\16.MOV,32,MARCH,March,CALENDAR,dynamic,unknown,9,True,60.0,244,4.066666666666666
032_010,c:\Projects\signia-fsl-recognition\dynamic_raw\32\17.MOV,32,MARCH,March,CALENDAR,dynamic,unknown,10,True,60.0,244,4.066666666666666
032_011,c:\Projects\signia-fsl-recognition\dynamic_raw\32\18.MOV,32,MARCH,March,CALENDAR,dynamic,unknown,11,True,60.0,244,4.066666666666666
032_012,c:\Projects\signia-fsl-recognition\dynamic_raw\32\19.MOV,32,MARCH,March,CALENDAR,dynamic,unknown,12,True,60.0,244,4.066666666666666
032_013,c:\Projects\signia-fsl-recognition\dynamic_raw\32\2.MOV,32,MARCH,March,CALENDAR,dynamic,unknown,13,True,60.0,244,4.066666666666666
032_014,c:\Projects\signia-fsl-recognition\dynamic_raw\32\3.MOV,32,MARCH,March,CALENDAR,dynamic,unknown,14,True,60.0,244,4.066666666666666
032_015,c:\Projects\signia-fsl-recognition\dynamic_raw\32\4.MOV,32,MARCH,March,CALENDAR,dynamic,unknown,15,True,60.0,244,4.066666666666666
032_016,c:\Projects\signia-fsl-recognition\dynamic_raw\32\5.MOV,32,MARCH,March,CALENDAR,dynamic,unknown,16,True,60.0,244,4.066666666666666
032_017,c:\Projects\signia-fsl-recognition\dynamic_raw\32\6.MOV,32,MARCH,March,CALENDAR,dynamic,unknown,17,True,60.0,244,4.066666666666666
032_018,c:\Projects\signia-fsl-recognition\dynamic_raw\32\7.MOV,32,MARCH,March,CALENDAR,dynamic,unknown,18,True,60.0,244,4.066666666666666
032_019,c:\Projects\signia-fsl-recognition\dynamic_raw\32\8.MOV,32,MARCH,March,CALENDAR,dynamic,unknown,19,True,60.0,244,4.066666666666666
032_020,c:\Projects\signia-fsl-recognition\dynamic_raw\32\9.MOV,32,MARCH,March,CALENDAR,dynamic,unknown,20,True,60.0,244,4.066666666666666
033_001,c:\Projects\signia-fsl-recognition\dynamic_raw\33\0.MOV,33,APRIL,April,CALENDAR,dynamic,unknown,1,True,60.0,244,4.066666666666666
033_002,c:\Projects\signia-fsl-recognition\dynamic_raw\33\1.MOV,33,APRIL,April,CALENDAR,dynamic,unknown,2,True,60.0,244,4.066666666666666
033_003,c:\Projects\signia-fsl-recognition\dynamic_raw\33\10.MOV,33,APRIL,April,CALENDAR,dynamic,unknown,3,True,60.0,244,4.066666666666666
033_004,c:\Projects\signia-fsl-recognition\dynamic_raw\33\11.MOV,33,APRIL,April,CALENDAR,dynamic,unknown,4,True,60.0,244,4.066666666666666
033_005,c:\Projects\signia-fsl-recognition\dynamic_raw\33\12.MOV,33,APRIL,April,CALENDAR,dynamic,unknown,5,True,60.0,244,4.066666666666666
033_006,c:\Projects\signia-fsl-recognition\dynamic_raw\33\13.MOV,33,APRIL,April,CALENDAR,dynamic,unknown,6,True,60.0,244,4.066666666666666
033_007,c:\Projects\signia-fsl-recognition\dynamic_raw\33\14.MOV,33,APRIL,April,CALENDAR,dynamic,unknown,7,True,60.0,244,4.066666666666666
033_008,c:\Projects\signia-fsl-recognition\dynamic_raw\33\15.MOV,33,APRIL,April,CALENDAR,dynamic,unknown,8,True,60.0,244,4.066666666666666
033_009,c:\Projects\signia-fsl-recognition\dynamic_raw\33\16.MOV,33,APRIL,April,CALENDAR,dynamic,unknown,9,True,60.0,244,4.066666666666666
033_010,c:\Projects\signia-fsl-recognition\dynamic_raw\33\17.MOV,33,APRIL,April,CALENDAR,dynamic,unknown,10,True,60.0,244,4.066666666666666
033_011,c:\Projects\signia-fsl-recognition\dynamic_raw\33\18.MOV,33,APRIL,April,CALENDAR,dynamic,unknown,11,True,60.0,244,4.066666666666666
033_012,c:\Projects\signia-fsl-recognition\dynamic_raw\33\19.MOV,33,APRIL,April,CALENDAR,dynamic,unknown,12,True,60.0,244,4.066666666666666
033_013,c:\Projects\signia-fsl-recognition\dynamic_raw\33\2.MOV,33,APRIL,April,CALENDAR,dynamic,unknown,13,True,60.0,244,4.066666666666666
033_014,c:\Projects\signia-fsl-recognition\dynamic_raw\33\3.MOV,33,APRIL,April,CALENDAR,dynamic,unknown,14,True,60.0,244,4.066666666666666
033_015,c:\Projects\signia-fsl-recognition\dynamic_raw\33\4.MOV,33,APRIL,April,CALENDAR,dynamic,unknown,15,True,60.0,244,4.066666666666666
033_016,c:\Projects\signia-fsl-recognition\dynamic_raw\33\5.MOV,33,APRIL,April,CALENDAR,dynamic,unknown,16,True,60.0,244,4.066666666666666
033_017,c:\Projects\signia-fsl-recognition\dynamic_raw\33\6.MOV,33,APRIL,April,CALENDAR,dynamic,unknown,17,True,60.0,244,4.066666666666666
033_018,c:\Projects\signia-fsl-recognition\dynamic_raw\33\7.MOV,33,APRIL,April,CALENDAR,dynamic,unknown,18,True,60.0,244,4.066666666666666
033_019,c:\Projects\signia-fsl-recognition\dynamic_raw\33\8.MOV,33,APRIL,April,CALENDAR,dynamic,unknown,19,True,60.0,244,4.066666666666666
033_020,c:\Projects\signia-fsl-recognition\dynamic_raw\33\9.MOV,33,APRIL,April,CALENDAR,dynamic,unknown,20,True,60.0,244,4.066666666666666
034_001,c:\Projects\signia-fsl-recognition\dynamic_raw\34\0.MOV,34,MAY,May,CALENDAR,dynamic,unknown,1,True,60.0,244,4.066666666666666
034_002,c:\Projects\signia-fsl-recognition\dynamic_raw\34\1.MOV,34,MAY,May,CALENDAR,dynamic,unknown,2,True,60.0,244,4.066666666666666
034_003,c:\Projects\signia-fsl-recognition\dynamic_raw\34\10.MOV,34,MAY,May,CALENDAR,dynamic,unknown,3,True,60.0,244,4.066666666666666
034_004,c:\Projects\signia-fsl-recognition\dynamic_raw\34\11.MOV,34,MAY,May,CALENDAR,dynamic,unknown,4,True,60.0,244,4.066666666666666
034_005,c:\Projects\signia-fsl-recognition\dynamic_raw\34\12.MOV,34,MAY,May,CALENDAR,dynamic,unknown,5,True,60.0,244,4.066666666666666
034_006,c:\Projects\signia-fsl-recognition\dynamic_raw\34\13.MOV,34,MAY,May,CALENDAR,dynamic,unknown,6,True,60.0,244,4.066666666666666
034_007,c:\Projects\signia-fsl-recognition\dynamic_raw\34\14.MOV,34,MAY,May,CALENDAR,dynamic,unknown,7,True,60.0,244,4.066666666666666
034_008,c:\Projects\signia-fsl-recognition\dynamic_raw\34\15.MOV,34,MAY,May,CALENDAR,dynamic,unknown,8,True,60.0,244,4.066666666666666
034_009,c:\Projects\signia-fsl-recognition\dynamic_raw\34\16.MOV,34,MAY,May,CALENDAR,dynamic,unknown,9,True,60.0,244,4.066666666666666
034_010,c:\Projects\signia-fsl-recognition\dynamic_raw\34\17.MOV,34,MAY,May,CALENDAR,dynamic,unknown,10,True,60.0,244,4.066666666666666
034_011,c:\Projects\signia-fsl-recognition\dynamic_raw\34\18.MOV,34,MAY,May,CALENDAR,dynamic,unknown,11,True,60.0,244,4.066666666666666
034_012,c:\Projects\signia-fsl-recognition\dynamic_raw\34\19.MOV,34,MAY,May,CALENDAR,dynamic,unknown,12,True,60.0,244,4.066666666666666
034_013,c:\Projects\signia-fsl-recognition\dynamic_raw\34\2.MOV,34,MAY,May,CALENDAR,dynamic,unknown,13,True,60.0,244,4.066666666666666
034_014,c:\Projects\signia-fsl-recognition\dynamic_raw\34\20.MOV,34,MAY,May,CALENDAR,dynamic,unknown,14,True,60.0,244,4.066666666666666
034_015,c:\Projects\signia-fsl-recognition\dynamic_raw\34\3.MOV,34,MAY,May,CALENDAR,dynamic,unknown,15,True,60.0,244,4.066666666666666
034_016,c:\Projects\signia-fsl-recognition\dynamic_raw\34\4.MOV,34,MAY,May,CALENDAR,dynamic,unknown,16,True,60.0,244,4.066666666666666
034_017,c:\Projects\signia-fsl-recognition\dynamic_raw\34\5.MOV,34,MAY,May,CALENDAR,dynamic,unknown,17,True,60.0,244,4.066666666666666
034_018,c:\Projects\signia-fsl-recognition\dynamic_raw\34\6.MOV,34,MAY,May,CALENDAR,dynamic,unknown,18,True,60.0,244,4.066666666666666
034_019,c:\Projects\signia-fsl-recognition\dynamic_raw\34\7.MOV,34,MAY,May,CALENDAR,dynamic,unknown,19,True,60.0,244,4.066666666666666
034_020,c:\Projects\signia-fsl-recognition\dynamic_raw\34\8.MOV,34,MAY,May,CALENDAR,dynamic,unknown,20,True,60.0,244,4.066666666666666
034_021,c:\Projects\signia-fsl-recognition\dynamic_raw\34\9.MOV,34,MAY,May,CALENDAR,dynamic,unknown,21,True,60.0,244,4.066666666666666
035_001,c:\Projects\signia-fsl-recognition\dynamic_raw\35\0.MOV,35,JUNE,June,CALENDAR,dynamic,unknown,1,True,60.0,244,4.066666666666666
035_002,c:\Projects\signia-fsl-recognition\dynamic_raw\35\1.MOV,35,JUNE,June,CALENDAR,dynamic,unknown,2,True,60.0,244,4.066666666666666
035_003,c:\Projects\signia-fsl-recognition\dynamic_raw\35\10.MOV,35,JUNE,June,CALENDAR,dynamic,unknown,3,True,60.0,244,4.066666666666666
035_004,c:\Projects\signia-fsl-recognition\dynamic_raw\35\11.MOV,35,JUNE,June,CALENDAR,dynamic,unknown,4,True,60.0,244,4.066666666666666
035_005,c:\Projects\signia-fsl-recognition\dynamic_raw\35\12.MOV,35,JUNE,June,CALENDAR,dynamic,unknown,5,True,60.0,244,4.066666666666666
035_006,c:\Projects\signia-fsl-recognition\dynamic_raw\35\13.MOV,35,JUNE,June,CALENDAR,dynamic,unknown,6,True,60.0,244,4.066666666666666
035_007,c:\Projects\signia-fsl-recognition\dynamic_raw\35\14.MOV,35,JUNE,June,CALENDAR,dynamic,unknown,7,True,60.0,243,4.05
035_008,c:\Projects\signia-fsl-recognition\dynamic_raw\35\15.MOV,35,JUNE,June,CALENDAR,dynamic,unknown,8,True,60.0,244,4.066666666666666
035_009,c:\Projects\signia-fsl-recognition\dynamic_raw\35\16.MOV,35,JUNE,June,CALENDAR,dynamic,unknown,9,True,60.0,244,4.066666666666666
035_010,c:\Projects\signia-fsl-recognition\dynamic_raw\35\17.MOV,35,JUNE,June,CALENDAR,dynamic,unknown,10,True,60.0,244,4.066666666666666
035_011,c:\Projects\signia-fsl-recognition\dynamic_raw\35\18.MOV,35,JUNE,June,CALENDAR,dynamic,unknown,11,True,60.0,244,4.066666666666666
035_012,c:\Projects\signia-fsl-recognition\dynamic_raw\35\19.MOV,35,JUNE,June,CALENDAR,dynamic,unknown,12,True,60.0,244,4.066666666666666
035_013,c:\Projects\signia-fsl-recognition\dynamic_raw\35\2.MOV,35,JUNE,June,CALENDAR,dynamic,unknown,13,True,60.0,244,4.066666666666666
035_014,c:\Projects\signia-fsl-recognition\dynamic_raw\35\3.MOV,35,JUNE,June,CALENDAR,dynamic,unknown,14,True,60.0,243,4.05
035_015,c:\Projects\signia-fsl-recognition\dynamic_raw\35\4.MOV,35,JUNE,June,CALENDAR,dynamic,unknown,15,True,60.0,243,4.05
035_016,c:\Projects\signia-fsl-recognition\dynamic_raw\35\5.MOV,35,JUNE,June,CALENDAR,dynamic,unknown,16,True,60.0,244,4.066666666666666
035_017,c:\Projects\signia-fsl-recognition\dynamic_raw\35\6.MOV,35,JUNE,June,CALENDAR,dynamic,unknown,17,True,60.0,244,4.066666666666666
035_018,c:\Projects\signia-fsl-recognition\dynamic_raw\35\7.MOV,35,JUNE,June,CALENDAR,dynamic,unknown,18,True,60.0,244,4.066666666666666
035_019,c:\Projects\signia-fsl-recognition\dynamic_raw\35\8.MOV,35,JUNE,June,CALENDAR,dynamic,unknown,19,True,60.0,244,4.066666666666666
035_020,c:\Projects\signia-fsl-recognition\dynamic_raw\35\9.MOV,35,JUNE,June,CALENDAR,dynamic,unknown,20,True,60.0,244,4.066666666666666
036_001,c:\Projects\signia-fsl-recognition\dynamic_raw\36\0.MOV,36,JULY,July,CALENDAR,dynamic,unknown,1,True,60.0,243,4.05
036_002,c:\Projects\signia-fsl-recognition\dynamic_raw\36\1.MOV,36,JULY,July,CALENDAR,dynamic,unknown,2,True,60.0,243,4.05
036_003,c:\Projects\signia-fsl-recognition\dynamic_raw\36\10.MOV,36,JULY,July,CALENDAR,dynamic,unknown,3,True,60.0,243,4.05
036_004,c:\Projects\signia-fsl-recognition\dynamic_raw\36\11.MOV,36,JULY,July,CALENDAR,dynamic,unknown,4,True,60.0,243,4.05
036_005,c:\Projects\signia-fsl-recognition\dynamic_raw\36\12.MOV,36,JULY,July,CALENDAR,dynamic,unknown,5,True,60.0,243,4.05
036_006,c:\Projects\signia-fsl-recognition\dynamic_raw\36\13.MOV,36,JULY,July,CALENDAR,dynamic,unknown,6,True,60.0,243,4.05
036_007,c:\Projects\signia-fsl-recognition\dynamic_raw\36\14.MOV,36,JULY,July,CALENDAR,dynamic,unknown,7,True,60.0,243,4.05
036_008,c:\Projects\signia-fsl-recognition\dynamic_raw\36\15.MOV,36,JULY,July,CALENDAR,dynamic,unknown,8,True,60.0,243,4.05
036_009,c:\Projects\signia-fsl-recognition\dynamic_raw\36\16.MOV,36,JULY,July,CALENDAR,dynamic,unknown,9,True,60.0,244,4.066666666666666
036_010,c:\Projects\signia-fsl-recognition\dynamic_raw\36\17.MOV,36,JULY,July,CALENDAR,dynamic,unknown,10,True,60.0,243,4.05
036_011,c:\Projects\signia-fsl-recognition\dynamic_raw\36\18.MOV,36,JULY,July,CALENDAR,dynamic,unknown,11,True,60.0,243,4.05
036_012,c:\Projects\signia-fsl-recognition\dynamic_raw\36\19.MOV,36,JULY,July,CALENDAR,dynamic,unknown,12,True,60.0,243,4.05
036_013,c:\Projects\signia-fsl-recognition\dynamic_raw\36\2.MOV,36,JULY,July,CALENDAR,dynamic,unknown,13,True,60.0,243,4.05
036_014,c:\Projects\signia-fsl-recognition\dynamic_raw\36\20.MOV,36,JULY,July,CALENDAR,dynamic,unknown,14,True,60.0,243,4.05
036_015,c:\Projects\signia-fsl-recognition\dynamic_raw\36\3.MOV,36,JULY,July,CALENDAR,dynamic,unknown,15,True,60.0,243,4.05
036_016,c:\Projects\signia-fsl-recognition\dynamic_raw\36\4.MOV,36,JULY,July,CALENDAR,dynamic,unknown,16,True,60.0,243,4.05
036_017,c:\Projects\signia-fsl-recognition\dynamic_raw\36\5.MOV,36,JULY,July,CALENDAR,dynamic,unknown,17,True,60.0,243,4.05
036_018,c:\Projects\signia-fsl-recognition\dynamic_raw\36\6.MOV,36,JULY,July,CALENDAR,dynamic,unknown,18,True,60.0,244,4.066666666666666
036_019,c:\Projects\signia-fsl-recognition\dynamic_raw\36\7.MOV,36,JULY,July,CALENDAR,dynamic,unknown,19,True,60.0,244,4.066666666666666
036_020,c:\Projects\signia-fsl-recognition\dynamic_raw\36\8.MOV,36,JULY,July,CALENDAR,dynamic,unknown,20,True,60.0,244,4.066666666666666
036_021,c:\Projects\signia-fsl-recognition\dynamic_raw\36\9.MOV,36,JULY,July,CALENDAR,dynamic,unknown,21,True,60.0,243,4.05
037_001,c:\Projects\signia-fsl-recognition\dynamic_raw\37\0.MOV,37,AUGUST,August,CALENDAR,dynamic,unknown,1,True,60.0,243,4.05
037_002,c:\Projects\signia-fsl-recognition\dynamic_raw\37\1.MOV,37,AUGUST,August,CALENDAR,dynamic,unknown,2,True,60.0,243,4.05
037_003,c:\Projects\signia-fsl-recognition\dynamic_raw\37\10.MOV,37,AUGUST,August,CALENDAR,dynamic,unknown,3,True,60.0,243,4.05
037_004,c:\Projects\signia-fsl-recognition\dynamic_raw\37\11.MOV,37,AUGUST,August,CALENDAR,dynamic,unknown,4,True,60.0,243,4.05
037_005,c:\Projects\signia-fsl-recognition\dynamic_raw\37\12.MOV,37,AUGUST,August,CALENDAR,dynamic,unknown,5,True,60.0,243,4.05
037_006,c:\Projects\signia-fsl-recognition\dynamic_raw\37\13.MOV,37,AUGUST,August,CALENDAR,dynamic,unknown,6,True,60.0,243,4.05
037_007,c:\Projects\signia-fsl-recognition\dynamic_raw\37\14.MOV,37,AUGUST,August,CALENDAR,dynamic,unknown,7,True,60.0,243,4.05
037_008,c:\Projects\signia-fsl-recognition\dynamic_raw\37\15.MOV,37,AUGUST,August,CALENDAR,dynamic,unknown,8,True,60.0,243,4.05
037_009,c:\Projects\signia-fsl-recognition\dynamic_raw\37\16.MOV,37,AUGUST,August,CALENDAR,dynamic,unknown,9,True,60.0,243,4.05
037_010,c:\Projects\signia-fsl-recognition\dynamic_raw\37\17.MOV,37,AUGUST,August,CALENDAR,dynamic,unknown,10,True,60.0,243,4.05
037_011,c:\Projects\signia-fsl-recognition\dynamic_raw\37\18.MOV,37,AUGUST,August,CALENDAR,dynamic,unknown,11,True,60.0,243,4.05
037_012,c:\Projects\signia-fsl-recognition\dynamic_raw\37\19.MOV,37,AUGUST,August,CALENDAR,dynamic,unknown,12,True,60.0,243,4.05
037_013,c:\Projects\signia-fsl-recognition\dynamic_raw\37\2.MOV,37,AUGUST,August,CALENDAR,dynamic,unknown,13,True,60.0,243,4.05
037_014,c:\Projects\signia-fsl-recognition\dynamic_raw\37\20.MOV,37,AUGUST,August,CALENDAR,dynamic,unknown,14,True,60.0,243,4.05
037_015,c:\Projects\signia-fsl-recognition\dynamic_raw\37\21.MOV,37,AUGUST,August,CALENDAR,dynamic,unknown,15,True,60.0,243,4.05
037_016,c:\Projects\signia-fsl-recognition\dynamic_raw\37\3.MOV,37,AUGUST,August,CALENDAR,dynamic,unknown,16,True,60.0,243,4.05
037_017,c:\Projects\signia-fsl-recognition\dynamic_raw\37\4.MOV,37,AUGUST,August,CALENDAR,dynamic,unknown,17,True,60.0,243,4.05
037_018,c:\Projects\signia-fsl-recognition\dynamic_raw\37\5.MOV,37,AUGUST,August,CALENDAR,dynamic,unknown,18,True,60.0,243,4.05
037_019,c:\Projects\signia-fsl-recognition\dynamic_raw\37\6.MOV,37,AUGUST,August,CALENDAR,dynamic,unknown,19,True,60.0,243,4.05
037_020,c:\Projects\signia-fsl-recognition\dynamic_raw\37\7.MOV,37,AUGUST,August,CALENDAR,dynamic,unknown,20,True,60.0,243,4.05
037_021,c:\Projects\signia-fsl-recognition\dynamic_raw\37\8.MOV,37,AUGUST,August,CALENDAR,dynamic,unknown,21,True,60.0,243,4.05
037_022,c:\Projects\signia-fsl-recognition\dynamic_raw\37\9.MOV,37,AUGUST,August,CALENDAR,dynamic,unknown,22,True,60.0,243,4.05
038_001,c:\Projects\signia-fsl-recognition\dynamic_raw\38\0.MOV,38,SEPTEMBER,September,CALENDAR,dynamic,unknown,1,True,60.0,243,4.05
038_002,c:\Projects\signia-fsl-recognition\dynamic_raw\38\1.MOV,38,SEPTEMBER,September,CALENDAR,dynamic,unknown,2,True,60.0,243,4.05
038_003,c:\Projects\signia-fsl-recognition\dynamic_raw\38\10.MOV,38,SEPTEMBER,September,CALENDAR,dynamic,unknown,3,True,60.0,243,4.05
038_004,c:\Projects\signia-fsl-recognition\dynamic_raw\38\11.MOV,38,SEPTEMBER,September,CALENDAR,dynamic,unknown,4,True,60.0,243,4.05
038_005,c:\Projects\signia-fsl-recognition\dynamic_raw\38\12.MOV,38,SEPTEMBER,September,CALENDAR,dynamic,unknown,5,True,60.0,243,4.05
038_006,c:\Projects\signia-fsl-recognition\dynamic_raw\38\13.MOV,38,SEPTEMBER,September,CALENDAR,dynamic,unknown,6,True,60.0,243,4.05
038_007,c:\Projects\signia-fsl-recognition\dynamic_raw\38\14.MOV,38,SEPTEMBER,September,CALENDAR,dynamic,unknown,7,True,60.0,243,4.05
038_008,c:\Projects\signia-fsl-recognition\dynamic_raw\38\15.MOV,38,SEPTEMBER,September,CALENDAR,dynamic,unknown,8,True,60.0,243,4.05
038_009,c:\Projects\signia-fsl-recognition\dynamic_raw\38\16.MOV,38,SEPTEMBER,September,CALENDAR,dynamic,unknown,9,True,60.0,243,4.05
038_010,c:\Projects\signia-fsl-recognition\dynamic_raw\38\17.MOV,38,SEPTEMBER,September,CALENDAR,dynamic,unknown,10,True,60.0,243,4.05
038_011,c:\Projects\signia-fsl-recognition\dynamic_raw\38\18.MOV,38,SEPTEMBER,September,CALENDAR,dynamic,unknown,11,True,60.0,243,4.05
038_012,c:\Projects\signia-fsl-recognition\dynamic_raw\38\19.MOV,38,SEPTEMBER,September,CALENDAR,dynamic,unknown,12,True,60.0,243,4.05
038_013,c:\Projects\signia-fsl-recognition\dynamic_raw\38\2.MOV,38,SEPTEMBER,September,CALENDAR,dynamic,unknown,13,True,60.0,243,4.05
038_014,c:\Projects\signia-fsl-recognition\dynamic_raw\38\3.MOV,38,SEPTEMBER,September,CALENDAR,dynamic,unknown,14,True,60.0,243,4.05
038_015,c:\Projects\signia-fsl-recognition\dynamic_raw\38\4.MOV,38,SEPTEMBER,September,CALENDAR,dynamic,unknown,15,True,60.0,243,4.05
038_016,c:\Projects\signia-fsl-recognition\dynamic_raw\38\5.MOV,38,SEPTEMBER,September,CALENDAR,dynamic,unknown,16,True,60.0,243,4.05
038_017,c:\Projects\signia-fsl-recognition\dynamic_raw\38\6.MOV,38,SEPTEMBER,September,CALENDAR,dynamic,unknown,17,True,60.0,243,4.05
038_018,c:\Projects\signia-fsl-recognition\dynamic_raw\38\7.MOV,38,SEPTEMBER,September,CALENDAR,dynamic,unknown,18,True,60.0,243,4.05
038_019,c:\Projects\signia-fsl-recognition\dynamic_raw\38\8.MOV,38,SEPTEMBER,September,CALENDAR,dynamic,unknown,19,True,60.0,243,4.05
038_020,c:\Projects\signia-fsl-recognition\dynamic_raw\38\9.MOV,38,SEPTEMBER,September,CALENDAR,dynamic,unknown,20,True,60.0,243,4.05
039_001,c:\Projects\signia-fsl-recognition\dynamic_raw\39\0.MOV,39,OCTOBER,October,CALENDAR,dynamic,unknown,1,True,60.0,243,4.05
039_002,c:\Projects\signia-fsl-recognition\dynamic_raw\39\1.MOV,39,OCTOBER,October,CALENDAR,dynamic,unknown,2,True,60.0,243,4.05
039_003,c:\Projects\signia-fsl-recognition\dynamic_raw\39\10.MOV,39,OCTOBER,October,CALENDAR,dynamic,unknown,3,True,60.0,243,4.05
039_004,c:\Projects\signia-fsl-recognition\dynamic_raw\39\11.MOV,39,OCTOBER,October,CALENDAR,dynamic,unknown,4,True,60.0,243,4.05
039_005,c:\Projects\signia-fsl-recognition\dynamic_raw\39\12.MOV,39,OCTOBER,October,CALENDAR,dynamic,unknown,5,True,60.0,243,4.05
039_006,c:\Projects\signia-fsl-recognition\dynamic_raw\39\13.MOV,39,OCTOBER,October,CALENDAR,dynamic,unknown,6,True,60.0,243,4.05
039_007,c:\Projects\signia-fsl-recognition\dynamic_raw\39\14.MOV,39,OCTOBER,October,CALENDAR,dynamic,unknown,7,True,60.0,243,4.05
039_008,c:\Projects\signia-fsl-recognition\dynamic_raw\39\15.MOV,39,OCTOBER,October,CALENDAR,dynamic,unknown,8,True,60.0,243,4.05
039_009,c:\Projects\signia-fsl-recognition\dynamic_raw\39\16.MOV,39,OCTOBER,October,CALENDAR,dynamic,unknown,9,True,60.0,243,4.05
039_010,c:\Projects\signia-fsl-recognition\dynamic_raw\39\17.MOV,39,OCTOBER,October,CALENDAR,dynamic,unknown,10,True,60.0,243,4.05
039_011,c:\Projects\signia-fsl-recognition\dynamic_raw\39\18.MOV,39,OCTOBER,October,CALENDAR,dynamic,unknown,11,True,60.0,243,4.05
039_012,c:\Projects\signia-fsl-recognition\dynamic_raw\39\19.MOV,39,OCTOBER,October,CALENDAR,dynamic,unknown,12,True,60.0,243,4.05
039_013,c:\Projects\signia-fsl-recognition\dynamic_raw\39\2.MOV,39,OCTOBER,October,CALENDAR,dynamic,unknown,13,True,60.0,243,4.05
039_014,c:\Projects\signia-fsl-recognition\dynamic_raw\39\3.MOV,39,OCTOBER,October,CALENDAR,dynamic,unknown,14,True,60.0,243,4.05
039_015,c:\Projects\signia-fsl-recognition\dynamic_raw\39\4.MOV,39,OCTOBER,October,CALENDAR,dynamic,unknown,15,True,60.0,243,4.05
039_016,c:\Projects\signia-fsl-recognition\dynamic_raw\39\5.MOV,39,OCTOBER,October,CALENDAR,dynamic,unknown,16,True,60.0,243,4.05
039_017,c:\Projects\signia-fsl-recognition\dynamic_raw\39\6.MOV,39,OCTOBER,October,CALENDAR,dynamic,unknown,17,True,60.0,243,4.05
039_018,c:\Projects\signia-fsl-recognition\dynamic_raw\39\7.MOV,39,OCTOBER,October,CALENDAR,dynamic,unknown,18,True,60.0,243,4.05
039_019,c:\Projects\signia-fsl-recognition\dynamic_raw\39\8.MOV,39,OCTOBER,October,CALENDAR,dynamic,unknown,19,True,60.0,243,4.05
039_020,c:\Projects\signia-fsl-recognition\dynamic_raw\39\9.MOV,39,OCTOBER,October,CALENDAR,dynamic,unknown,20,True,60.0,243,4.05
040_001,c:\Projects\signia-fsl-recognition\dynamic_raw\40\0.MOV,40,NOVEMBER,November,CALENDAR,dynamic,unknown,1,True,60.0,243,4.05
040_002,c:\Projects\signia-fsl-recognition\dynamic_raw\40\1.MOV,40,NOVEMBER,November,CALENDAR,dynamic,unknown,2,True,60.0,243,4.05
040_003,c:\Projects\signia-fsl-recognition\dynamic_raw\40\10.MOV,40,NOVEMBER,November,CALENDAR,dynamic,unknown,3,True,60.0,243,4.05
040_004,c:\Projects\signia-fsl-recognition\dynamic_raw\40\11.MOV,40,NOVEMBER,November,CALENDAR,dynamic,unknown,4,True,60.0,243,4.05
040_005,c:\Projects\signia-fsl-recognition\dynamic_raw\40\12.MOV,40,NOVEMBER,November,CALENDAR,dynamic,unknown,5,True,60.0,243,4.05
040_006,c:\Projects\signia-fsl-recognition\dynamic_raw\40\13.MOV,40,NOVEMBER,November,CALENDAR,dynamic,unknown,6,True,60.0,243,4.05
040_007,c:\Projects\signia-fsl-recognition\dynamic_raw\40\14.MOV,40,NOVEMBER,November,CALENDAR,dynamic,unknown,7,True,60.0,243,4.05
040_008,c:\Projects\signia-fsl-recognition\dynamic_raw\40\15.MOV,40,NOVEMBER,November,CALENDAR,dynamic,unknown,8,True,60.0,243,4.05
040_009,c:\Projects\signia-fsl-recognition\dynamic_raw\40\16.MOV,40,NOVEMBER,November,CALENDAR,dynamic,unknown,9,True,60.0,243,4.05
040_010,c:\Projects\signia-fsl-recognition\dynamic_raw\40\17.MOV,40,NOVEMBER,November,CALENDAR,dynamic,unknown,10,True,60.0,243,4.05
040_011,c:\Projects\signia-fsl-recognition\dynamic_raw\40\18.MOV,40,NOVEMBER,November,CALENDAR,dynamic,unknown,11,True,60.0,243,4.05
040_012,c:\Projects\signia-fsl-recognition\dynamic_raw\40\19.MOV,40,NOVEMBER,November,CALENDAR,dynamic,unknown,12,True,60.0,243,4.05
040_013,c:\Projects\signia-fsl-recognition\dynamic_raw\40\2.MOV,40,NOVEMBER,November,CALENDAR,dynamic,unknown,13,True,60.0,243,4.05
040_014,c:\Projects\signia-fsl-recognition\dynamic_raw\40\20.MOV,40,NOVEMBER,November,CALENDAR,dynamic,unknown,14,True,60.0,243,4.05
040_015,c:\Projects\signia-fsl-recognition\dynamic_raw\40\21.MOV,40,NOVEMBER,November,CALENDAR,dynamic,unknown,15,True,60.0,243,4.05
040_016,c:\Projects\signia-fsl-recognition\dynamic_raw\40\3.MOV,40,NOVEMBER,November,CALENDAR,dynamic,unknown,16,True,60.0,243,4.05
040_017,c:\Projects\signia-fsl-recognition\dynamic_raw\40\4.MOV,40,NOVEMBER,November,CALENDAR,dynamic,unknown,17,True,60.0,242,4.033333333333333
040_018,c:\Projects\signia-fsl-recognition\dynamic_raw\40\5.MOV,40,NOVEMBER,November,CALENDAR,dynamic,unknown,18,True,60.0,242,4.033333333333333
040_019,c:\Projects\signia-fsl-recognition\dynamic_raw\40\6.MOV,40,NOVEMBER,November,CALENDAR,dynamic,unknown,19,True,60.0,243,4.05
040_020,c:\Projects\signia-fsl-recognition\dynamic_raw\40\7.MOV,40,NOVEMBER,November,CALENDAR,dynamic,unknown,20,True,60.0,243,4.05
040_021,c:\Projects\signia-fsl-recognition\dynamic_raw\40\8.MOV,40,NOVEMBER,November,CALENDAR,dynamic,unknown,21,True,60.0,243,4.05
040_022,c:\Projects\signia-fsl-recognition\dynamic_raw\40\9.MOV,40,NOVEMBER,November,CALENDAR,dynamic,unknown,22,True,60.0,243,4.05
041_001,c:\Projects\signia-fsl-recognition\dynamic_raw\41\0.MOV,41,DECEMBER,December,CALENDAR,dynamic,unknown,1,True,60.0,242,4.033333333333333
041_002,c:\Projects\signia-fsl-recognition\dynamic_raw\41\1.MOV,41,DECEMBER,December,CALENDAR,dynamic,unknown,2,True,60.0,242,4.033333333333333
041_003,c:\Projects\signia-fsl-recognition\dynamic_raw\41\10.MOV,41,DECEMBER,December,CALENDAR,dynamic,unknown,3,True,60.0,242,4.033333333333333
041_004,c:\Projects\signia-fsl-recognition\dynamic_raw\41\11.MOV,41,DECEMBER,December,CALENDAR,dynamic,unknown,4,True,60.0,242,4.033333333333333
041_005,c:\Projects\signia-fsl-recognition\dynamic_raw\41\12.MOV,41,DECEMBER,December,CALENDAR,dynamic,unknown,5,True,60.0,243,4.05
041_006,c:\Projects\signia-fsl-recognition\dynamic_raw\41\13.MOV,41,DECEMBER,December,CALENDAR,dynamic,unknown,6,True,60.0,243,4.05
041_007,c:\Projects\signia-fsl-recognition\dynamic_raw\41\14.MOV,41,DECEMBER,December,CALENDAR,dynamic,unknown,7,True,60.0,243,4.05
041_008,c:\Projects\signia-fsl-recognition\dynamic_raw\41\15.MOV,41,DECEMBER,December,CALENDAR,dynamic,unknown,8,True,60.0,242,4.033333333333333
041_009,c:\Projects\signia-fsl-recognition\dynamic_raw\41\16.MOV,41,DECEMBER,December,CALENDAR,dynamic,unknown,9,True,60.0,242,4.033333333333333
041_010,c:\Projects\signia-fsl-recognition\dynamic_raw\41\17.MOV,41,DECEMBER,December,CALENDAR,dynamic,unknown,10,True,60.0,243,4.05
041_011,c:\Projects\signia-fsl-recognition\dynamic_raw\41\18.MOV,41,DECEMBER,December,CALENDAR,dynamic,unknown,11,True,60.0,243,4.05
041_012,c:\Projects\signia-fsl-recognition\dynamic_raw\41\19.MOV,41,DECEMBER,December,CALENDAR,dynamic,unknown,12,True,60.0,243,4.05
041_013,c:\Projects\signia-fsl-recognition\dynamic_raw\41\2.MOV,41,DECEMBER,December,CALENDAR,dynamic,unknown,13,True,60.0,242,4.033333333333333
041_014,c:\Projects\signia-fsl-recognition\dynamic_raw\41\20.MOV,41,DECEMBER,December,CALENDAR,dynamic,unknown,14,True,60.0,243,4.05
041_015,c:\Projects\signia-fsl-recognition\dynamic_raw\41\21.MOV,41,DECEMBER,December,CALENDAR,dynamic,unknown,15,True,60.0,242,4.033333333333333
041_016,c:\Projects\signia-fsl-recognition\dynamic_raw\41\3.MOV,41,DECEMBER,December,CALENDAR,dynamic,unknown,16,True,60.0,242,4.033333333333333
041_017,c:\Projects\signia-fsl-recognition\dynamic_raw\41\4.MOV,41,DECEMBER,December,CALENDAR,dynamic,unknown,17,True,60.0,242,4.033333333333333
041_018,c:\Projects\signia-fsl-recognition\dynamic_raw\41\5.MOV,41,DECEMBER,December,CALENDAR,dynamic,unknown,18,True,60.0,243,4.05
041_019,c:\Projects\signia-fsl-recognition\dynamic_raw\41\6.MOV,41,DECEMBER,December,CALENDAR,dynamic,unknown,19,True,60.0,243,4.05
041_020,c:\Projects\signia-fsl-recognition\dynamic_raw\41\7.MOV,41,DECEMBER,December,CALENDAR,dynamic,unknown,20,True,60.0,243,4.05
041_021,c:\Projects\signia-fsl-recognition\dynamic_raw\41\8.MOV,41,DECEMBER,December,CALENDAR,dynamic,unknown,21,True,60.0,243,4.05
041_022,c:\Projects\signia-fsl-recognition\dynamic_raw\41\9.MOV,41,DECEMBER,December,CALENDAR,dynamic,unknown,22,True,60.0,243,4.05
042_001,c:\Projects\signia-fsl-recognition\dynamic_raw\42\0.MOV,42,MONDAY,Monday,DAYS,dynamic,unknown,1,True,60.0,245,4.083333333333333
042_002,c:\Projects\signia-fsl-recognition\dynamic_raw\42\1.MOV,42,MONDAY,Monday,DAYS,dynamic,unknown,2,True,60.0,244,4.066666666666666
042_003,c:\Projects\signia-fsl-recognition\dynamic_raw\42\10.MOV,42,MONDAY,Monday,DAYS,dynamic,unknown,3,True,60.0,245,4.083333333333333
042_004,c:\Projects\signia-fsl-recognition\dynamic_raw\42\11.MOV,42,MONDAY,Monday,DAYS,dynamic,unknown,4,True,60.0,244,4.066666666666666
042_005,c:\Projects\signia-fsl-recognition\dynamic_raw\42\12.MOV,42,MONDAY,Monday,DAYS,dynamic,unknown,5,True,60.0,244,4.066666666666666
042_006,c:\Projects\signia-fsl-recognition\dynamic_raw\42\13.MOV,42,MONDAY,Monday,DAYS,dynamic,unknown,6,True,60.0,244,4.066666666666666
042_007,c:\Projects\signia-fsl-recognition\dynamic_raw\42\14.MOV,42,MONDAY,Monday,DAYS,dynamic,unknown,7,True,60.0,244,4.066666666666666
042_008,c:\Projects\signia-fsl-recognition\dynamic_raw\42\15.MOV,42,MONDAY,Monday,DAYS,dynamic,unknown,8,True,60.0,245,4.083333333333333
042_009,c:\Projects\signia-fsl-recognition\dynamic_raw\42\16.MOV,42,MONDAY,Monday,DAYS,dynamic,unknown,9,True,60.0,244,4.066666666666666
042_010,c:\Projects\signia-fsl-recognition\dynamic_raw\42\17.MOV,42,MONDAY,Monday,DAYS,dynamic,unknown,10,True,60.0,244,4.066666666666666
042_011,c:\Projects\signia-fsl-recognition\dynamic_raw\42\18.MOV,42,MONDAY,Monday,DAYS,dynamic,unknown,11,True,60.0,244,4.066666666666666
042_012,c:\Projects\signia-fsl-recognition\dynamic_raw\42\19.MOV,42,MONDAY,Monday,DAYS,dynamic,unknown,12,True,60.0,244,4.066666666666666
042_013,c:\Projects\signia-fsl-recognition\dynamic_raw\42\2.MOV,42,MONDAY,Monday,DAYS,dynamic,unknown,13,True,60.0,244,4.066666666666666
042_014,c:\Projects\signia-fsl-recognition\dynamic_raw\42\3.MOV,42,MONDAY,Monday,DAYS,dynamic,unknown,14,True,60.0,244,4.066666666666666
042_015,c:\Projects\signia-fsl-recognition\dynamic_raw\42\4.MOV,42,MONDAY,Monday,DAYS,dynamic,unknown,15,True,60.0,244,4.066666666666666
042_016,c:\Projects\signia-fsl-recognition\dynamic_raw\42\5.MOV,42,MONDAY,Monday,DAYS,dynamic,unknown,16,True,60.0,245,4.083333333333333
042_017,c:\Projects\signia-fsl-recognition\dynamic_raw\42\6.MOV,42,MONDAY,Monday,DAYS,dynamic,unknown,17,True,60.0,244,4.066666666666666
042_018,c:\Projects\signia-fsl-recognition\dynamic_raw\42\7.MOV,42,MONDAY,Monday,DAYS,dynamic,unknown,18,True,60.0,244,4.066666666666666
042_019,c:\Projects\signia-fsl-recognition\dynamic_raw\42\8.MOV,42,MONDAY,Monday,DAYS,dynamic,unknown,19,True,60.0,244,4.066666666666666
042_020,c:\Projects\signia-fsl-recognition\dynamic_raw\42\9.MOV,42,MONDAY,Monday,DAYS,dynamic,unknown,20,True,60.0,244,4.066666666666666
043_001,c:\Projects\signia-fsl-recognition\dynamic_raw\43\0.MOV,43,TUESDAY,Tuesday,DAYS,dynamic,unknown,1,True,60.0,244,4.066666666666666
043_002,c:\Projects\signia-fsl-recognition\dynamic_raw\43\1.MOV,43,TUESDAY,Tuesday,DAYS,dynamic,unknown,2,True,60.0,244,4.066666666666666
043_003,c:\Projects\signia-fsl-recognition\dynamic_raw\43\10.MOV,43,TUESDAY,Tuesday,DAYS,dynamic,unknown,3,True,60.0,244,4.066666666666666
043_004,c:\Projects\signia-fsl-recognition\dynamic_raw\43\11.MOV,43,TUESDAY,Tuesday,DAYS,dynamic,unknown,4,True,60.0,244,4.066666666666666
043_005,c:\Projects\signia-fsl-recognition\dynamic_raw\43\12.MOV,43,TUESDAY,Tuesday,DAYS,dynamic,unknown,5,True,60.0,244,4.066666666666666
043_006,c:\Projects\signia-fsl-recognition\dynamic_raw\43\13.MOV,43,TUESDAY,Tuesday,DAYS,dynamic,unknown,6,True,60.0,244,4.066666666666666
043_007,c:\Projects\signia-fsl-recognition\dynamic_raw\43\14.MOV,43,TUESDAY,Tuesday,DAYS,dynamic,unknown,7,True,60.0,244,4.066666666666666
043_008,c:\Projects\signia-fsl-recognition\dynamic_raw\43\15.MOV,43,TUESDAY,Tuesday,DAYS,dynamic,unknown,8,True,60.0,244,4.066666666666666
043_009,c:\Projects\signia-fsl-recognition\dynamic_raw\43\16.MOV,43,TUESDAY,Tuesday,DAYS,dynamic,unknown,9,True,60.0,244,4.066666666666666
043_010,c:\Projects\signia-fsl-recognition\dynamic_raw\43\17.MOV,43,TUESDAY,Tuesday,DAYS,dynamic,unknown,10,True,60.0,244,4.066666666666666
043_011,c:\Projects\signia-fsl-recognition\dynamic_raw\43\18.MOV,43,TUESDAY,Tuesday,DAYS,dynamic,unknown,11,True,60.0,244,4.066666666666666
043_012,c:\Projects\signia-fsl-recognition\dynamic_raw\43\19.MOV,43,TUESDAY,Tuesday,DAYS,dynamic,unknown,12,True,60.0,244,4.066666666666666
043_013,c:\Projects\signia-fsl-recognition\dynamic_raw\43\2.MOV,43,TUESDAY,Tuesday,DAYS,dynamic,unknown,13,True,60.0,244,4.066666666666666
043_014,c:\Projects\signia-fsl-recognition\dynamic_raw\43\3.MOV,43,TUESDAY,Tuesday,DAYS,dynamic,unknown,14,True,60.0,244,4.066666666666666
043_015,c:\Projects\signia-fsl-recognition\dynamic_raw\43\4.MOV,43,TUESDAY,Tuesday,DAYS,dynamic,unknown,15,True,60.0,244,4.066666666666666
043_016,c:\Projects\signia-fsl-recognition\dynamic_raw\43\5.MOV,43,TUESDAY,Tuesday,DAYS,dynamic,unknown,16,True,60.0,244,4.066666666666666
043_017,c:\Projects\signia-fsl-recognition\dynamic_raw\43\6.MOV,43,TUESDAY,Tuesday,DAYS,dynamic,unknown,17,True,60.0,244,4.066666666666666
043_018,c:\Projects\signia-fsl-recognition\dynamic_raw\43\7.MOV,43,TUESDAY,Tuesday,DAYS,dynamic,unknown,18,True,60.0,244,4.066666666666666
043_019,c:\Projects\signia-fsl-recognition\dynamic_raw\43\8.MOV,43,TUESDAY,Tuesday,DAYS,dynamic,unknown,19,True,60.0,244,4.066666666666666
043_020,c:\Projects\signia-fsl-recognition\dynamic_raw\43\9.MOV,43,TUESDAY,Tuesday,DAYS,dynamic,unknown,20,True,60.0,244,4.066666666666666
044_001,c:\Projects\signia-fsl-recognition\dynamic_raw\44\0.MOV,44,WEDNESDAY,Wednesday,DAYS,dynamic,unknown,1,True,60.0,244,4.066666666666666
044_002,c:\Projects\signia-fsl-recognition\dynamic_raw\44\1.MOV,44,WEDNESDAY,Wednesday,DAYS,dynamic,unknown,2,True,60.0,244,4.066666666666666
044_003,c:\Projects\signia-fsl-recognition\dynamic_raw\44\10.MOV,44,WEDNESDAY,Wednesday,DAYS,dynamic,unknown,3,True,60.0,244,4.066666666666666
044_004,c:\Projects\signia-fsl-recognition\dynamic_raw\44\11.MOV,44,WEDNESDAY,Wednesday,DAYS,dynamic,unknown,4,True,60.0,244,4.066666666666666
044_005,c:\Projects\signia-fsl-recognition\dynamic_raw\44\12.MOV,44,WEDNESDAY,Wednesday,DAYS,dynamic,unknown,5,True,60.0,244,4.066666666666666
044_006,c:\Projects\signia-fsl-recognition\dynamic_raw\44\13.MOV,44,WEDNESDAY,Wednesday,DAYS,dynamic,unknown,6,True,60.0,244,4.066666666666666
044_007,c:\Projects\signia-fsl-recognition\dynamic_raw\44\14.MOV,44,WEDNESDAY,Wednesday,DAYS,dynamic,unknown,7,True,60.0,244,4.066666666666666
044_008,c:\Projects\signia-fsl-recognition\dynamic_raw\44\15.MOV,44,WEDNESDAY,Wednesday,DAYS,dynamic,unknown,8,True,60.0,244,4.066666666666666
044_009,c:\Projects\signia-fsl-recognition\dynamic_raw\44\16.MOV,44,WEDNESDAY,Wednesday,DAYS,dynamic,unknown,9,True,60.0,244,4.066666666666666
044_010,c:\Projects\signia-fsl-recognition\dynamic_raw\44\17.MOV,44,WEDNESDAY,Wednesday,DAYS,dynamic,unknown,10,True,60.0,244,4.066666666666666
044_011,c:\Projects\signia-fsl-recognition\dynamic_raw\44\18.MOV,44,WEDNESDAY,Wednesday,DAYS,dynamic,unknown,11,True,60.0,244,4.066666666666666
044_012,c:\Projects\signia-fsl-recognition\dynamic_raw\44\19.MOV,44,WEDNESDAY,Wednesday,DAYS,dynamic,unknown,12,True,60.0,244,4.066666666666666
044_013,c:\Projects\signia-fsl-recognition\dynamic_raw\44\2.MOV,44,WEDNESDAY,Wednesday,DAYS,dynamic,unknown,13,True,60.0,244,4.066666666666666
044_014,c:\Projects\signia-fsl-recognition\dynamic_raw\44\3.MOV,44,WEDNESDAY,Wednesday,DAYS,dynamic,unknown,14,True,60.0,244,4.066666666666666
044_015,c:\Projects\signia-fsl-recognition\dynamic_raw\44\4.MOV,44,WEDNESDAY,Wednesday,DAYS,dynamic,unknown,15,True,60.0,244,4.066666666666666
044_016,c:\Projects\signia-fsl-recognition\dynamic_raw\44\5.MOV,44,WEDNESDAY,Wednesday,DAYS,dynamic,unknown,16,True,60.0,244,4.066666666666666
044_017,c:\Projects\signia-fsl-recognition\dynamic_raw\44\6.MOV,44,WEDNESDAY,Wednesday,DAYS,dynamic,unknown,17,True,60.0,244,4.066666666666666
044_018,c:\Projects\signia-fsl-recognition\dynamic_raw\44\7.MOV,44,WEDNESDAY,Wednesday,DAYS,dynamic,unknown,18,True,60.0,244,4.066666666666666
044_019,c:\Projects\signia-fsl-recognition\dynamic_raw\44\8.MOV,44,WEDNESDAY,Wednesday,DAYS,dynamic,unknown,19,True,60.0,244,4.066666666666666
044_020,c:\Projects\signia-fsl-recognition\dynamic_raw\44\9.MOV,44,WEDNESDAY,Wednesday,DAYS,dynamic,unknown,20,True,60.0,244,4.066666666666666
045_001,c:\Projects\signia-fsl-recognition\dynamic_raw\45\0.MOV,45,THURSDAY,Thursday,DAYS,dynamic,unknown,1,True,60.0,244,4.066666666666666
045_002,c:\Projects\signia-fsl-recognition\dynamic_raw\45\1.MOV,45,THURSDAY,Thursday,DAYS,dynamic,unknown,2,True,60.0,244,4.066666666666666
045_003,c:\Projects\signia-fsl-recognition\dynamic_raw\45\10.MOV,45,THURSDAY,Thursday,DAYS,dynamic,unknown,3,True,60.0,244,4.066666666666666
045_004,c:\Projects\signia-fsl-recognition\dynamic_raw\45\11.MOV,45,THURSDAY,Thursday,DAYS,dynamic,unknown,4,True,60.0,244,4.066666666666666
045_005,c:\Projects\signia-fsl-recognition\dynamic_raw\45\12.MOV,45,THURSDAY,Thursday,DAYS,dynamic,unknown,5,True,60.0,244,4.066666666666666
045_006,c:\Projects\signia-fsl-recognition\dynamic_raw\45\13.MOV,45,THURSDAY,Thursday,DAYS,dynamic,unknown,6,True,60.0,244,4.066666666666666
045_007,c:\Projects\signia-fsl-recognition\dynamic_raw\45\14.MOV,45,THURSDAY,Thursday,DAYS,dynamic,unknown,7,True,60.0,244,4.066666666666666
045_008,c:\Projects\signia-fsl-recognition\dynamic_raw\45\15.MOV,45,THURSDAY,Thursday,DAYS,dynamic,unknown,8,True,60.0,244,4.066666666666666
045_009,c:\Projects\signia-fsl-recognition\dynamic_raw\45\16.MOV,45,THURSDAY,Thursday,DAYS,dynamic,unknown,9,True,60.0,244,4.066666666666666
045_010,c:\Projects\signia-fsl-recognition\dynamic_raw\45\17.MOV,45,THURSDAY,Thursday,DAYS,dynamic,unknown,10,True,60.0,244,4.066666666666666
045_011,c:\Projects\signia-fsl-recognition\dynamic_raw\45\18.MOV,45,THURSDAY,Thursday,DAYS,dynamic,unknown,11,True,60.0,244,4.066666666666666
045_012,c:\Projects\signia-fsl-recognition\dynamic_raw\45\19.MOV,45,THURSDAY,Thursday,DAYS,dynamic,unknown,12,True,60.0,244,4.066666666666666
045_013,c:\Projects\signia-fsl-recognition\dynamic_raw\45\2.MOV,45,THURSDAY,Thursday,DAYS,dynamic,unknown,13,True,60.0,244,4.066666666666666
045_014,c:\Projects\signia-fsl-recognition\dynamic_raw\45\3.MOV,45,THURSDAY,Thursday,DAYS,dynamic,unknown,14,True,60.0,244,4.066666666666666
045_015,c:\Projects\signia-fsl-recognition\dynamic_raw\45\4.MOV,45,THURSDAY,Thursday,DAYS,dynamic,unknown,15,True,60.0,244,4.066666666666666
045_016,c:\Projects\signia-fsl-recognition\dynamic_raw\45\5.MOV,45,THURSDAY,Thursday,DAYS,dynamic,unknown,16,True,60.0,244,4.066666666666666
045_017,c:\Projects\signia-fsl-recognition\dynamic_raw\45\6.MOV,45,THURSDAY,Thursday,DAYS,dynamic,unknown,17,True,60.0,244,4.066666666666666
045_018,c:\Projects\signia-fsl-recognition\dynamic_raw\45\7.MOV,45,THURSDAY,Thursday,DAYS,dynamic,unknown,18,True,60.0,244,4.066666666666666
045_019,c:\Projects\signia-fsl-recognition\dynamic_raw\45\8.MOV,45,THURSDAY,Thursday,DAYS,dynamic,unknown,19,True,60.0,244,4.066666666666666
045_020,c:\Projects\signia-fsl-recognition\dynamic_raw\45\9.MOV,45,THURSDAY,Thursday,DAYS,dynamic,unknown,20,True,60.0,244,4.066666666666666
046_001,c:\Projects\signia-fsl-recognition\dynamic_raw\46\0.MOV,46,FRIDAY,Friday,DAYS,dynamic,unknown,1,True,60.0,244,4.066666666666666
046_002,c:\Projects\signia-fsl-recognition\dynamic_raw\46\1.MOV,46,FRIDAY,Friday,DAYS,dynamic,unknown,2,True,60.0,244,4.066666666666666
046_003,c:\Projects\signia-fsl-recognition\dynamic_raw\46\10.MOV,46,FRIDAY,Friday,DAYS,dynamic,unknown,3,True,60.0,244,4.066666666666666
046_004,c:\Projects\signia-fsl-recognition\dynamic_raw\46\11.MOV,46,FRIDAY,Friday,DAYS,dynamic,unknown,4,True,60.0,244,4.066666666666666
046_005,c:\Projects\signia-fsl-recognition\dynamic_raw\46\12.MOV,46,FRIDAY,Friday,DAYS,dynamic,unknown,5,True,60.0,244,4.066666666666666
046_006,c:\Projects\signia-fsl-recognition\dynamic_raw\46\13.MOV,46,FRIDAY,Friday,DAYS,dynamic,unknown,6,True,60.0,244,4.066666666666666
046_007,c:\Projects\signia-fsl-recognition\dynamic_raw\46\14.MOV,46,FRIDAY,Friday,DAYS,dynamic,unknown,7,True,60.0,244,4.066666666666666
046_008,c:\Projects\signia-fsl-recognition\dynamic_raw\46\15.MOV,46,FRIDAY,Friday,DAYS,dynamic,unknown,8,True,60.0,244,4.066666666666666
046_009,c:\Projects\signia-fsl-recognition\dynamic_raw\46\16.MOV,46,FRIDAY,Friday,DAYS,dynamic,unknown,9,True,60.0,244,4.066666666666666
046_010,c:\Projects\signia-fsl-recognition\dynamic_raw\46\17.MOV,46,FRIDAY,Friday,DAYS,dynamic,unknown,10,True,60.0,244,4.066666666666666
046_011,c:\Projects\signia-fsl-recognition\dynamic_raw\46\18.MOV,46,FRIDAY,Friday,DAYS,dynamic,unknown,11,True,60.0,244,4.066666666666666
046_012,c:\Projects\signia-fsl-recognition\dynamic_raw\46\19.MOV,46,FRIDAY,Friday,DAYS,dynamic,unknown,12,True,60.0,244,4.066666666666666
046_013,c:\Projects\signia-fsl-recognition\dynamic_raw\46\2.MOV,46,FRIDAY,Friday,DAYS,dynamic,unknown,13,True,60.0,244,4.066666666666666
046_014,c:\Projects\signia-fsl-recognition\dynamic_raw\46\3.MOV,46,FRIDAY,Friday,DAYS,dynamic,unknown,14,True,60.0,244,4.066666666666666
046_015,c:\Projects\signia-fsl-recognition\dynamic_raw\46\4.MOV,46,FRIDAY,Friday,DAYS,dynamic,unknown,15,True,60.0,244,4.066666666666666
046_016,c:\Projects\signia-fsl-recognition\dynamic_raw\46\5.MOV,46,FRIDAY,Friday,DAYS,dynamic,unknown,16,True,60.0,244,4.066666666666666
046_017,c:\Projects\signia-fsl-recognition\dynamic_raw\46\6.MOV,46,FRIDAY,Friday,DAYS,dynamic,unknown,17,True,60.0,244,4.066666666666666
046_018,c:\Projects\signia-fsl-recognition\dynamic_raw\46\7.MOV,46,FRIDAY,Friday,DAYS,dynamic,unknown,18,True,60.0,244,4.066666666666666
046_019,c:\Projects\signia-fsl-recognition\dynamic_raw\46\8.MOV,46,FRIDAY,Friday,DAYS,dynamic,unknown,19,True,60.0,243,4.05
046_020,c:\Projects\signia-fsl-recognition\dynamic_raw\46\9.MOV,46,FRIDAY,Friday,DAYS,dynamic,unknown,20,True,60.0,243,4.05
047_001,c:\Projects\signia-fsl-recognition\dynamic_raw\47\0.MOV,47,SATURDAY,Saturday,DAYS,dynamic,unknown,1,True,60.0,244,4.066666666666666
047_002,c:\Projects\signia-fsl-recognition\dynamic_raw\47\1.MOV,47,SATURDAY,Saturday,DAYS,dynamic,unknown,2,True,60.0,244,4.066666666666666
047_003,c:\Projects\signia-fsl-recognition\dynamic_raw\47\10.MOV,47,SATURDAY,Saturday,DAYS,dynamic,unknown,3,True,60.0,244,4.066666666666666
047_004,c:\Projects\signia-fsl-recognition\dynamic_raw\47\11.MOV,47,SATURDAY,Saturday,DAYS,dynamic,unknown,4,True,60.0,244,4.066666666666666
047_005,c:\Projects\signia-fsl-recognition\dynamic_raw\47\12.MOV,47,SATURDAY,Saturday,DAYS,dynamic,unknown,5,True,60.0,244,4.066666666666666
047_006,c:\Projects\signia-fsl-recognition\dynamic_raw\47\13.MOV,47,SATURDAY,Saturday,DAYS,dynamic,unknown,6,True,60.0,244,4.066666666666666
047_007,c:\Projects\signia-fsl-recognition\dynamic_raw\47\14.MOV,47,SATURDAY,Saturday,DAYS,dynamic,unknown,7,True,60.0,243,4.05
047_008,c:\Projects\signia-fsl-recognition\dynamic_raw\47\15.MOV,47,SATURDAY,Saturday,DAYS,dynamic,unknown,8,True,60.0,243,4.05
047_009,c:\Projects\signia-fsl-recognition\dynamic_raw\47\16.MOV,47,SATURDAY,Saturday,DAYS,dynamic,unknown,9,True,60.0,243,4.05
047_010,c:\Projects\signia-fsl-recognition\dynamic_raw\47\17.MOV,47,SATURDAY,Saturday,DAYS,dynamic,unknown,10,True,60.0,243,4.05
047_011,c:\Projects\signia-fsl-recognition\dynamic_raw\47\18.MOV,47,SATURDAY,Saturday,DAYS,dynamic,unknown,11,True,60.0,243,4.05
047_012,c:\Projects\signia-fsl-recognition\dynamic_raw\47\19.MOV,47,SATURDAY,Saturday,DAYS,dynamic,unknown,12,True,60.0,243,4.05
047_013,c:\Projects\signia-fsl-recognition\dynamic_raw\47\2.MOV,47,SATURDAY,Saturday,DAYS,dynamic,unknown,13,True,60.0,244,4.066666666666666
047_014,c:\Projects\signia-fsl-recognition\dynamic_raw\47\3.MOV,47,SATURDAY,Saturday,DAYS,dynamic,unknown,14,True,60.0,243,4.05
047_015,c:\Projects\signia-fsl-recognition\dynamic_raw\47\4.MOV,47,SATURDAY,Saturday,DAYS,dynamic,unknown,15,True,60.0,243,4.05
047_016,c:\Projects\signia-fsl-recognition\dynamic_raw\47\5.MOV,47,SATURDAY,Saturday,DAYS,dynamic,unknown,16,True,60.0,243,4.05
047_017,c:\Projects\signia-fsl-recognition\dynamic_raw\47\6.MOV,47,SATURDAY,Saturday,DAYS,dynamic,unknown,17,True,60.0,243,4.05
047_018,c:\Projects\signia-fsl-recognition\dynamic_raw\47\7.MOV,47,SATURDAY,Saturday,DAYS,dynamic,unknown,18,True,60.0,243,4.05
047_019,c:\Projects\signia-fsl-recognition\dynamic_raw\47\8.MOV,47,SATURDAY,Saturday,DAYS,dynamic,unknown,19,True,60.0,243,4.05
047_020,c:\Projects\signia-fsl-recognition\dynamic_raw\47\9.MOV,47,SATURDAY,Saturday,DAYS,dynamic,unknown,20,True,60.0,243,4.05
048_001,c:\Projects\signia-fsl-recognition\dynamic_raw\48\0.MOV,48,SUNDAY,Sunday,DAYS,dynamic,unknown,1,True,60.0,243,4.05
048_002,c:\Projects\signia-fsl-recognition\dynamic_raw\48\1.MOV,48,SUNDAY,Sunday,DAYS,dynamic,unknown,2,True,60.0,243,4.05
048_003,c:\Projects\signia-fsl-recognition\dynamic_raw\48\10.MOV,48,SUNDAY,Sunday,DAYS,dynamic,unknown,3,True,60.0,243,4.05
048_004,c:\Projects\signia-fsl-recognition\dynamic_raw\48\11.MOV,48,SUNDAY,Sunday,DAYS,dynamic,unknown,4,True,60.0,243,4.05
048_005,c:\Projects\signia-fsl-recognition\dynamic_raw\48\12.MOV,48,SUNDAY,Sunday,DAYS,dynamic,unknown,5,True,60.0,243,4.05
048_006,c:\Projects\signia-fsl-recognition\dynamic_raw\48\13.MOV,48,SUNDAY,Sunday,DAYS,dynamic,unknown,6,True,60.0,243,4.05
048_007,c:\Projects\signia-fsl-recognition\dynamic_raw\48\14.MOV,48,SUNDAY,Sunday,DAYS,dynamic,unknown,7,True,60.0,243,4.05
048_008,c:\Projects\signia-fsl-recognition\dynamic_raw\48\15.MOV,48,SUNDAY,Sunday,DAYS,dynamic,unknown,8,True,60.0,243,4.05
048_009,c:\Projects\signia-fsl-recognition\dynamic_raw\48\16.MOV,48,SUNDAY,Sunday,DAYS,dynamic,unknown,9,True,60.0,243,4.05
048_010,c:\Projects\signia-fsl-recognition\dynamic_raw\48\17.MOV,48,SUNDAY,Sunday,DAYS,dynamic,unknown,10,True,60.0,243,4.05
048_011,c:\Projects\signia-fsl-recognition\dynamic_raw\48\18.MOV,48,SUNDAY,Sunday,DAYS,dynamic,unknown,11,True,60.0,243,4.05
048_012,c:\Projects\signia-fsl-recognition\dynamic_raw\48\19.MOV,48,SUNDAY,Sunday,DAYS,dynamic,unknown,12,True,60.0,243,4.05
048_013,c:\Projects\signia-fsl-recognition\dynamic_raw\48\2.MOV,48,SUNDAY,Sunday,DAYS,dynamic,unknown,13,True,60.0,243,4.05
048_014,c:\Projects\signia-fsl-recognition\dynamic_raw\48\3.MOV,48,SUNDAY,Sunday,DAYS,dynamic,unknown,14,True,60.0,243,4.05
048_015,c:\Projects\signia-fsl-recognition\dynamic_raw\48\4.MOV,48,SUNDAY,Sunday,DAYS,dynamic,unknown,15,True,60.0,243,4.05
048_016,c:\Projects\signia-fsl-recognition\dynamic_raw\48\5.MOV,48,SUNDAY,Sunday,DAYS,dynamic,unknown,16,True,60.0,243,4.05
048_017,c:\Projects\signia-fsl-recognition\dynamic_raw\48\6.MOV,48,SUNDAY,Sunday,DAYS,dynamic,unknown,17,True,60.0,243,4.05
048_018,c:\Projects\signia-fsl-recognition\dynamic_raw\48\7.MOV,48,SUNDAY,Sunday,DAYS,dynamic,unknown,18,True,60.0,243,4.05
048_019,c:\Projects\signia-fsl-recognition\dynamic_raw\48\8.MOV,48,SUNDAY,Sunday,DAYS,dynamic,unknown,19,True,60.0,243,4.05
048_020,c:\Projects\signia-fsl-recognition\dynamic_raw\48\9.MOV,48,SUNDAY,Sunday,DAYS,dynamic,unknown,20,True,60.0,243,4.05
049_001,c:\Projects\signia-fsl-recognition\dynamic_raw\49\0.MOV,49,TODAY,Today,DAYS,dynamic,unknown,1,True,60.0,243,4.05
049_002,c:\Projects\signia-fsl-recognition\dynamic_raw\49\1.MOV,49,TODAY,Today,DAYS,dynamic,unknown,2,True,60.0,243,4.05
049_003,c:\Projects\signia-fsl-recognition\dynamic_raw\49\10.MOV,49,TODAY,Today,DAYS,dynamic,unknown,3,True,60.0,243,4.05
049_004,c:\Projects\signia-fsl-recognition\dynamic_raw\49\11.MOV,49,TODAY,Today,DAYS,dynamic,unknown,4,True,60.0,243,4.05
049_005,c:\Projects\signia-fsl-recognition\dynamic_raw\49\12.MOV,49,TODAY,Today,DAYS,dynamic,unknown,5,True,60.0,243,4.05
049_006,c:\Projects\signia-fsl-recognition\dynamic_raw\49\13.MOV,49,TODAY,Today,DAYS,dynamic,unknown,6,True,60.0,243,4.05
049_007,c:\Projects\signia-fsl-recognition\dynamic_raw\49\14.MOV,49,TODAY,Today,DAYS,dynamic,unknown,7,True,60.0,243,4.05
049_008,c:\Projects\signia-fsl-recognition\dynamic_raw\49\15.MOV,49,TODAY,Today,DAYS,dynamic,unknown,8,True,60.0,243,4.05
049_009,c:\Projects\signia-fsl-recognition\dynamic_raw\49\16.MOV,49,TODAY,Today,DAYS,dynamic,unknown,9,True,60.0,243,4.05
049_010,c:\Projects\signia-fsl-recognition\dynamic_raw\49\17.MOV,49,TODAY,Today,DAYS,dynamic,unknown,10,True,60.0,243,4.05
049_011,c:\Projects\signia-fsl-recognition\dynamic_raw\49\18.MOV,49,TODAY,Today,DAYS,dynamic,unknown,11,True,60.0,243,4.05
049_012,c:\Projects\signia-fsl-recognition\dynamic_raw\49\19.MOV,49,TODAY,Today,DAYS,dynamic,unknown,12,True,60.0,243,4.05
049_013,c:\Projects\signia-fsl-recognition\dynamic_raw\49\2.MOV,49,TODAY,Today,DAYS,dynamic,unknown,13,True,60.0,243,4.05
049_014,c:\Projects\signia-fsl-recognition\dynamic_raw\49\3.MOV,49,TODAY,Today,DAYS,dynamic,unknown,14,True,60.0,243,4.05
049_015,c:\Projects\signia-fsl-recognition\dynamic_raw\49\4.MOV,49,TODAY,Today,DAYS,dynamic,unknown,15,True,60.0,243,4.05
049_016,c:\Projects\signia-fsl-recognition\dynamic_raw\49\5.MOV,49,TODAY,Today,DAYS,dynamic,unknown,16,True,60.0,243,4.05
049_017,c:\Projects\signia-fsl-recognition\dynamic_raw\49\6.MOV,49,TODAY,Today,DAYS,dynamic,unknown,17,True,60.0,243,4.05
049_018,c:\Projects\signia-fsl-recognition\dynamic_raw\49\7.MOV,49,TODAY,Today,DAYS,dynamic,unknown,18,True,60.0,243,4.05
049_019,c:\Projects\signia-fsl-recognition\dynamic_raw\49\8.MOV,49,TODAY,Today,DAYS,dynamic,unknown,19,True,60.0,243,4.05
049_020,c:\Projects\signia-fsl-recognition\dynamic_raw\49\9.MOV,49,TODAY,Today,DAYS,dynamic,unknown,20,True,60.0,243,4.05
050_001,c:\Projects\signia-fsl-recognition\dynamic_raw\50\0.MOV,50,TOMORROW,Tomorrow,DAYS,dynamic,unknown,1,True,60.0,243,4.05
050_002,c:\Projects\signia-fsl-recognition\dynamic_raw\50\1.MOV,50,TOMORROW,Tomorrow,DAYS,dynamic,unknown,2,True,60.0,243,4.05
050_003,c:\Projects\signia-fsl-recognition\dynamic_raw\50\10.MOV,50,TOMORROW,Tomorrow,DAYS,dynamic,unknown,3,True,60.0,243,4.05
050_004,c:\Projects\signia-fsl-recognition\dynamic_raw\50\11.MOV,50,TOMORROW,Tomorrow,DAYS,dynamic,unknown,4,True,60.0,243,4.05
050_005,c:\Projects\signia-fsl-recognition\dynamic_raw\50\12.MOV,50,TOMORROW,Tomorrow,DAYS,dynamic,unknown,5,True,60.0,243,4.05
050_006,c:\Projects\signia-fsl-recognition\dynamic_raw\50\13.MOV,50,TOMORROW,Tomorrow,DAYS,dynamic,unknown,6,True,60.0,243,4.05
050_007,c:\Projects\signia-fsl-recognition\dynamic_raw\50\14.MOV,50,TOMORROW,Tomorrow,DAYS,dynamic,unknown,7,True,60.0,243,4.05
050_008,c:\Projects\signia-fsl-recognition\dynamic_raw\50\15.MOV,50,TOMORROW,Tomorrow,DAYS,dynamic,unknown,8,True,60.0,243,4.05
050_009,c:\Projects\signia-fsl-recognition\dynamic_raw\50\16.MOV,50,TOMORROW,Tomorrow,DAYS,dynamic,unknown,9,True,60.0,243,4.05
050_010,c:\Projects\signia-fsl-recognition\dynamic_raw\50\17.MOV,50,TOMORROW,Tomorrow,DAYS,dynamic,unknown,10,True,60.0,243,4.05
050_011,c:\Projects\signia-fsl-recognition\dynamic_raw\50\18.MOV,50,TOMORROW,Tomorrow,DAYS,dynamic,unknown,11,True,60.0,243,4.05
050_012,c:\Projects\signia-fsl-recognition\dynamic_raw\50\19.MOV,50,TOMORROW,Tomorrow,DAYS,dynamic,unknown,12,True,60.0,243,4.05
050_013,c:\Projects\signia-fsl-recognition\dynamic_raw\50\2.MOV,50,TOMORROW,Tomorrow,DAYS,dynamic,unknown,13,True,60.0,243,4.05
050_014,c:\Projects\signia-fsl-recognition\dynamic_raw\50\20.MOV,50,TOMORROW,Tomorrow,DAYS,dynamic,unknown,14,True,60.0,242,4.033333333333333
050_015,c:\Projects\signia-fsl-recognition\dynamic_raw\50\3.MOV,50,TOMORROW,Tomorrow,DAYS,dynamic,unknown,15,True,60.0,243,4.05
050_016,c:\Projects\signia-fsl-recognition\dynamic_raw\50\4.MOV,50,TOMORROW,Tomorrow,DAYS,dynamic,unknown,16,True,60.0,243,4.05
050_017,c:\Projects\signia-fsl-recognition\dynamic_raw\50\5.MOV,50,TOMORROW,Tomorrow,DAYS,dynamic,unknown,17,True,60.0,243,4.05
050_018,c:\Projects\signia-fsl-recognition\dynamic_raw\50\6.MOV,50,TOMORROW,Tomorrow,DAYS,dynamic,unknown,18,True,60.0,243,4.05
050_019,c:\Projects\signia-fsl-recognition\dynamic_raw\50\7.MOV,50,TOMORROW,Tomorrow,DAYS,dynamic,unknown,19,True,60.0,243,4.05
050_020,c:\Projects\signia-fsl-recognition\dynamic_raw\50\8.MOV,50,TOMORROW,Tomorrow,DAYS,dynamic,unknown,20,True,60.0,243,4.05
050_021,c:\Projects\signia-fsl-recognition\dynamic_raw\50\9.MOV,50,TOMORROW,Tomorrow,DAYS,dynamic,unknown,21,True,60.0,243,4.05
051_001,c:\Projects\signia-fsl-recognition\dynamic_raw\51\0.MOV,51,YESTERDAY,Yesterday,DAYS,dynamic,unknown,1,True,60.0,243,4.05
051_002,c:\Projects\signia-fsl-recognition\dynamic_raw\51\1.MOV,51,YESTERDAY,Yesterday,DAYS,dynamic,unknown,2,True,60.0,243,4.05
051_003,c:\Projects\signia-fsl-recognition\dynamic_raw\51\10.MOV,51,YESTERDAY,Yesterday,DAYS,dynamic,unknown,3,True,60.0,243,4.05
051_004,c:\Projects\signia-fsl-recognition\dynamic_raw\51\11.MOV,51,YESTERDAY,Yesterday,DAYS,dynamic,unknown,4,True,60.0,243,4.05
051_005,c:\Projects\signia-fsl-recognition\dynamic_raw\51\12.MOV,51,YESTERDAY,Yesterday,DAYS,dynamic,unknown,5,True,60.0,243,4.05
051_006,c:\Projects\signia-fsl-recognition\dynamic_raw\51\13.MOV,51,YESTERDAY,Yesterday,DAYS,dynamic,unknown,6,True,60.0,243,4.05
051_007,c:\Projects\signia-fsl-recognition\dynamic_raw\51\14.MOV,51,YESTERDAY,Yesterday,DAYS,dynamic,unknown,7,True,60.0,243,4.05
051_008,c:\Projects\signia-fsl-recognition\dynamic_raw\51\15.MOV,51,YESTERDAY,Yesterday,DAYS,dynamic,unknown,8,True,60.0,242,4.033333333333333
051_009,c:\Projects\signia-fsl-recognition\dynamic_raw\51\16.MOV,51,YESTERDAY,Yesterday,DAYS,dynamic,unknown,9,True,60.0,242,4.033333333333333
051_010,c:\Projects\signia-fsl-recognition\dynamic_raw\51\17.MOV,51,YESTERDAY,Yesterday,DAYS,dynamic,unknown,10,True,60.0,242,4.033333333333333
051_011,c:\Projects\signia-fsl-recognition\dynamic_raw\51\18.MOV,51,YESTERDAY,Yesterday,DAYS,dynamic,unknown,11,True,60.0,242,4.033333333333333
051_012,c:\Projects\signia-fsl-recognition\dynamic_raw\51\19.MOV,51,YESTERDAY,Yesterday,DAYS,dynamic,unknown,12,True,60.0,242,4.033333333333333
051_013,c:\Projects\signia-fsl-recognition\dynamic_raw\51\2.MOV,51,YESTERDAY,Yesterday,DAYS,dynamic,unknown,13,True,60.0,243,4.05
051_014,c:\Projects\signia-fsl-recognition\dynamic_raw\51\3.MOV,51,YESTERDAY,Yesterday,DAYS,dynamic,unknown,14,True,60.0,243,4.05
051_015,c:\Projects\signia-fsl-recognition\dynamic_raw\51\4.MOV,51,YESTERDAY,Yesterday,DAYS,dynamic,unknown,15,True,60.0,243,4.05
051_016,c:\Projects\signia-fsl-recognition\dynamic_raw\51\5.MOV,51,YESTERDAY,Yesterday,DAYS,dynamic,unknown,16,True,60.0,243,4.05
051_017,c:\Projects\signia-fsl-recognition\dynamic_raw\51\6.MOV,51,YESTERDAY,Yesterday,DAYS,dynamic,unknown,17,True,60.0,243,4.05
051_018,c:\Projects\signia-fsl-recognition\dynamic_raw\51\7.MOV,51,YESTERDAY,Yesterday,DAYS,dynamic,unknown,18,True,60.0,243,4.05
051_019,c:\Projects\signia-fsl-recognition\dynamic_raw\51\8.MOV,51,YESTERDAY,Yesterday,DAYS,dynamic,unknown,19,True,60.0,242,4.033333333333333
051_020,c:\Projects\signia-fsl-recognition\dynamic_raw\51\9.MOV,51,YESTERDAY,Yesterday,DAYS,dynamic,unknown,20,True,60.0,242,4.033333333333333
052_001,c:\Projects\signia-fsl-recognition\dynamic_raw\52\0.MOV,52,FATHER,Father,FAMILY,dynamic,unknown,1,True,60.0,245,4.083333333333333
052_002,c:\Projects\signia-fsl-recognition\dynamic_raw\52\1.MOV,52,FATHER,Father,FAMILY,dynamic,unknown,2,True,60.0,245,4.083333333333333
052_003,c:\Projects\signia-fsl-recognition\dynamic_raw\52\10.MOV,52,FATHER,Father,FAMILY,dynamic,unknown,3,True,60.0,245,4.083333333333333
052_004,c:\Projects\signia-fsl-recognition\dynamic_raw\52\11.MOV,52,FATHER,Father,FAMILY,dynamic,unknown,4,True,60.0,244,4.066666666666666
052_005,c:\Projects\signia-fsl-recognition\dynamic_raw\52\12.MOV,52,FATHER,Father,FAMILY,dynamic,unknown,5,True,60.0,244,4.066666666666666
052_006,c:\Projects\signia-fsl-recognition\dynamic_raw\52\13.MOV,52,FATHER,Father,FAMILY,dynamic,unknown,6,True,60.0,244,4.066666666666666
052_007,c:\Projects\signia-fsl-recognition\dynamic_raw\52\14.MOV,52,FATHER,Father,FAMILY,dynamic,unknown,7,True,60.0,244,4.066666666666666
052_008,c:\Projects\signia-fsl-recognition\dynamic_raw\52\15.MOV,52,FATHER,Father,FAMILY,dynamic,unknown,8,True,60.0,245,4.083333333333333
052_009,c:\Projects\signia-fsl-recognition\dynamic_raw\52\16.MOV,52,FATHER,Father,FAMILY,dynamic,unknown,9,True,60.0,245,4.083333333333333
052_010,c:\Projects\signia-fsl-recognition\dynamic_raw\52\17.MOV,52,FATHER,Father,FAMILY,dynamic,unknown,10,True,60.0,244,4.066666666666666
052_011,c:\Projects\signia-fsl-recognition\dynamic_raw\52\18.MOV,52,FATHER,Father,FAMILY,dynamic,unknown,11,True,60.0,244,4.066666666666666
052_012,c:\Projects\signia-fsl-recognition\dynamic_raw\52\19.MOV,52,FATHER,Father,FAMILY,dynamic,unknown,12,True,60.0,244,4.066666666666666
052_013,c:\Projects\signia-fsl-recognition\dynamic_raw\52\2.MOV,52,FATHER,Father,FAMILY,dynamic,unknown,13,True,60.0,244,4.066666666666666
052_014,c:\Projects\signia-fsl-recognition\dynamic_raw\52\3.MOV,52,FATHER,Father,FAMILY,dynamic,unknown,14,True,60.0,244,4.066666666666666
052_015,c:\Projects\signia-fsl-recognition\dynamic_raw\52\4.MOV,52,FATHER,Father,FAMILY,dynamic,unknown,15,True,60.0,244,4.066666666666666
052_016,c:\Projects\signia-fsl-recognition\dynamic_raw\52\5.MOV,52,FATHER,Father,FAMILY,dynamic,unknown,16,True,60.0,244,4.066666666666666
052_017,c:\Projects\signia-fsl-recognition\dynamic_raw\52\6.MOV,52,FATHER,Father,FAMILY,dynamic,unknown,17,True,60.0,244,4.066666666666666
052_018,c:\Projects\signia-fsl-recognition\dynamic_raw\52\7.MOV,52,FATHER,Father,FAMILY,dynamic,unknown,18,True,60.0,244,4.066666666666666
052_019,c:\Projects\signia-fsl-recognition\dynamic_raw\52\8.MOV,52,FATHER,Father,FAMILY,dynamic,unknown,19,True,60.0,244,4.066666666666666
052_020,c:\Projects\signia-fsl-recognition\dynamic_raw\52\9.MOV,52,FATHER,Father,FAMILY,dynamic,unknown,20,True,60.0,244,4.066666666666666
053_001,c:\Projects\signia-fsl-recognition\dynamic_raw\53\0.MOV,53,MOTHER,Mother,FAMILY,dynamic,unknown,1,True,60.0,244,4.066666666666666
053_002,c:\Projects\signia-fsl-recognition\dynamic_raw\53\1.MOV,53,MOTHER,Mother,FAMILY,dynamic,unknown,2,True,60.0,244,4.066666666666666
053_003,c:\Projects\signia-fsl-recognition\dynamic_raw\53\10.MOV,53,MOTHER,Mother,FAMILY,dynamic,unknown,3,True,60.0,244,4.066666666666666
053_004,c:\Projects\signia-fsl-recognition\dynamic_raw\53\11.MOV,53,MOTHER,Mother,FAMILY,dynamic,unknown,4,True,60.0,244,4.066666666666666
053_005,c:\Projects\signia-fsl-recognition\dynamic_raw\53\12.MOV,53,MOTHER,Mother,FAMILY,dynamic,unknown,5,True,60.0,244,4.066666666666666
053_006,c:\Projects\signia-fsl-recognition\dynamic_raw\53\13.MOV,53,MOTHER,Mother,FAMILY,dynamic,unknown,6,True,60.0,244,4.066666666666666
053_007,c:\Projects\signia-fsl-recognition\dynamic_raw\53\14.MOV,53,MOTHER,Mother,FAMILY,dynamic,unknown,7,True,60.0,244,4.066666666666666
053_008,c:\Projects\signia-fsl-recognition\dynamic_raw\53\15.MOV,53,MOTHER,Mother,FAMILY,dynamic,unknown,8,True,60.0,244,4.066666666666666
053_009,c:\Projects\signia-fsl-recognition\dynamic_raw\53\16.MOV,53,MOTHER,Mother,FAMILY,dynamic,unknown,9,True,60.0,244,4.066666666666666
053_010,c:\Projects\signia-fsl-recognition\dynamic_raw\53\17.MOV,53,MOTHER,Mother,FAMILY,dynamic,unknown,10,True,60.0,244,4.066666666666666
053_011,c:\Projects\signia-fsl-recognition\dynamic_raw\53\18.MOV,53,MOTHER,Mother,FAMILY,dynamic,unknown,11,True,60.0,244,4.066666666666666
053_012,c:\Projects\signia-fsl-recognition\dynamic_raw\53\19.MOV,53,MOTHER,Mother,FAMILY,dynamic,unknown,12,True,60.0,244,4.066666666666666
053_013,c:\Projects\signia-fsl-recognition\dynamic_raw\53\2.MOV,53,MOTHER,Mother,FAMILY,dynamic,unknown,13,True,60.0,244,4.066666666666666
053_014,c:\Projects\signia-fsl-recognition\dynamic_raw\53\3.MOV,53,MOTHER,Mother,FAMILY,dynamic,unknown,14,True,60.0,244,4.066666666666666
053_015,c:\Projects\signia-fsl-recognition\dynamic_raw\53\4.MOV,53,MOTHER,Mother,FAMILY,dynamic,unknown,15,True,60.0,244,4.066666666666666
053_016,c:\Projects\signia-fsl-recognition\dynamic_raw\53\5.MOV,53,MOTHER,Mother,FAMILY,dynamic,unknown,16,True,60.0,244,4.066666666666666
053_017,c:\Projects\signia-fsl-recognition\dynamic_raw\53\6.MOV,53,MOTHER,Mother,FAMILY,dynamic,unknown,17,True,60.0,244,4.066666666666666
053_018,c:\Projects\signia-fsl-recognition\dynamic_raw\53\7.MOV,53,MOTHER,Mother,FAMILY,dynamic,unknown,18,True,60.0,244,4.066666666666666
053_019,c:\Projects\signia-fsl-recognition\dynamic_raw\53\8.MOV,53,MOTHER,Mother,FAMILY,dynamic,unknown,19,True,60.0,244,4.066666666666666
053_020,c:\Projects\signia-fsl-recognition\dynamic_raw\53\9.MOV,53,MOTHER,Mother,FAMILY,dynamic,unknown,20,True,60.0,244,4.066666666666666
054_001,c:\Projects\signia-fsl-recognition\dynamic_raw\54\0.MOV,54,SON,Son,FAMILY,dynamic,unknown,1,True,60.0,244,4.066666666666666
054_002,c:\Projects\signia-fsl-recognition\dynamic_raw\54\1.MOV,54,SON,Son,FAMILY,dynamic,unknown,2,True,60.0,244,4.066666666666666
054_003,c:\Projects\signia-fsl-recognition\dynamic_raw\54\10.MOV,54,SON,Son,FAMILY,dynamic,unknown,3,True,60.0,244,4.066666666666666
054_004,c:\Projects\signia-fsl-recognition\dynamic_raw\54\11.MOV,54,SON,Son,FAMILY,dynamic,unknown,4,True,60.0,244,4.066666666666666
054_005,c:\Projects\signia-fsl-recognition\dynamic_raw\54\12.MOV,54,SON,Son,FAMILY,dynamic,unknown,5,True,60.0,244,4.066666666666666
054_006,c:\Projects\signia-fsl-recognition\dynamic_raw\54\13.MOV,54,SON,Son,FAMILY,dynamic,unknown,6,True,60.0,244,4.066666666666666
054_007,c:\Projects\signia-fsl-recognition\dynamic_raw\54\14.MOV,54,SON,Son,FAMILY,dynamic,unknown,7,True,60.0,244,4.066666666666666
054_008,c:\Projects\signia-fsl-recognition\dynamic_raw\54\15.MOV,54,SON,Son,FAMILY,dynamic,unknown,8,True,60.0,244,4.066666666666666
054_009,c:\Projects\signia-fsl-recognition\dynamic_raw\54\16.MOV,54,SON,Son,FAMILY,dynamic,unknown,9,True,60.0,244,4.066666666666666
054_010,c:\Projects\signia-fsl-recognition\dynamic_raw\54\17.MOV,54,SON,Son,FAMILY,dynamic,unknown,10,True,60.0,244,4.066666666666666
054_011,c:\Projects\signia-fsl-recognition\dynamic_raw\54\18.MOV,54,SON,Son,FAMILY,dynamic,unknown,11,True,60.0,244,4.066666666666666
054_012,c:\Projects\signia-fsl-recognition\dynamic_raw\54\19.MOV,54,SON,Son,FAMILY,dynamic,unknown,12,True,60.0,244,4.066666666666666
054_013,c:\Projects\signia-fsl-recognition\dynamic_raw\54\2.MOV,54,SON,Son,FAMILY,dynamic,unknown,13,True,60.0,244,4.066666666666666
054_014,c:\Projects\signia-fsl-recognition\dynamic_raw\54\3.MOV,54,SON,Son,FAMILY,dynamic,unknown,14,True,60.0,244,4.066666666666666
054_015,c:\Projects\signia-fsl-recognition\dynamic_raw\54\4.MOV,54,SON,Son,FAMILY,dynamic,unknown,15,True,60.0,244,4.066666666666666
054_016,c:\Projects\signia-fsl-recognition\dynamic_raw\54\5.MOV,54,SON,Son,FAMILY,dynamic,unknown,16,True,60.0,244,4.066666666666666
054_017,c:\Projects\signia-fsl-recognition\dynamic_raw\54\6.MOV,54,SON,Son,FAMILY,dynamic,unknown,17,True,60.0,244,4.066666666666666
054_018,c:\Projects\signia-fsl-recognition\dynamic_raw\54\7.MOV,54,SON,Son,FAMILY,dynamic,unknown,18,True,60.0,244,4.066666666666666
054_019,c:\Projects\signia-fsl-recognition\dynamic_raw\54\8.MOV,54,SON,Son,FAMILY,dynamic,unknown,19,True,60.0,244,4.066666666666666
054_020,c:\Projects\signia-fsl-recognition\dynamic_raw\54\9.MOV,54,SON,Son,FAMILY,dynamic,unknown,20,True,60.0,244,4.066666666666666
055_001,c:\Projects\signia-fsl-recognition\dynamic_raw\55\0.MOV,55,DAUGHTER,Daughter,FAMILY,dynamic,unknown,1,True,60.0,244,4.066666666666666
055_002,c:\Projects\signia-fsl-recognition\dynamic_raw\55\1.MOV,55,DAUGHTER,Daughter,FAMILY,dynamic,unknown,2,True,60.0,244,4.066666666666666
055_003,c:\Projects\signia-fsl-recognition\dynamic_raw\55\10.MOV,55,DAUGHTER,Daughter,FAMILY,dynamic,unknown,3,True,60.0,244,4.066666666666666
055_004,c:\Projects\signia-fsl-recognition\dynamic_raw\55\11.MOV,55,DAUGHTER,Daughter,FAMILY,dynamic,unknown,4,True,60.0,244,4.066666666666666
055_005,c:\Projects\signia-fsl-recognition\dynamic_raw\55\12.MOV,55,DAUGHTER,Daughter,FAMILY,dynamic,unknown,5,True,60.0,244,4.066666666666666
055_006,c:\Projects\signia-fsl-recognition\dynamic_raw\55\13.MOV,55,DAUGHTER,Daughter,FAMILY,dynamic,unknown,6,True,60.0,244,4.066666666666666
055_007,c:\Projects\signia-fsl-recognition\dynamic_raw\55\14.MOV,55,DAUGHTER,Daughter,FAMILY,dynamic,unknown,7,True,60.0,244,4.066666666666666
055_008,c:\Projects\signia-fsl-recognition\dynamic_raw\55\15.MOV,55,DAUGHTER,Daughter,FAMILY,dynamic,unknown,8,True,60.0,244,4.066666666666666
055_009,c:\Projects\signia-fsl-recognition\dynamic_raw\55\16.MOV,55,DAUGHTER,Daughter,FAMILY,dynamic,unknown,9,True,60.0,244,4.066666666666666
055_010,c:\Projects\signia-fsl-recognition\dynamic_raw\55\17.MOV,55,DAUGHTER,Daughter,FAMILY,dynamic,unknown,10,True,60.0,244,4.066666666666666
055_011,c:\Projects\signia-fsl-recognition\dynamic_raw\55\18.MOV,55,DAUGHTER,Daughter,FAMILY,dynamic,unknown,11,True,60.0,244,4.066666666666666
055_012,c:\Projects\signia-fsl-recognition\dynamic_raw\55\19.MOV,55,DAUGHTER,Daughter,FAMILY,dynamic,unknown,12,True,60.0,244,4.066666666666666
055_013,c:\Projects\signia-fsl-recognition\dynamic_raw\55\2.MOV,55,DAUGHTER,Daughter,FAMILY,dynamic,unknown,13,True,60.0,244,4.066666666666666
055_014,c:\Projects\signia-fsl-recognition\dynamic_raw\55\3.MOV,55,DAUGHTER,Daughter,FAMILY,dynamic,unknown,14,True,60.0,244,4.066666666666666
055_015,c:\Projects\signia-fsl-recognition\dynamic_raw\55\4.MOV,55,DAUGHTER,Daughter,FAMILY,dynamic,unknown,15,True,60.0,244,4.066666666666666
055_016,c:\Projects\signia-fsl-recognition\dynamic_raw\55\5.MOV,55,DAUGHTER,Daughter,FAMILY,dynamic,unknown,16,True,60.0,244,4.066666666666666
055_017,c:\Projects\signia-fsl-recognition\dynamic_raw\55\6.MOV,55,DAUGHTER,Daughter,FAMILY,dynamic,unknown,17,True,60.0,244,4.066666666666666
055_018,c:\Projects\signia-fsl-recognition\dynamic_raw\55\7.MOV,55,DAUGHTER,Daughter,FAMILY,dynamic,unknown,18,True,60.0,244,4.066666666666666
055_019,c:\Projects\signia-fsl-recognition\dynamic_raw\55\8.MOV,55,DAUGHTER,Daughter,FAMILY,dynamic,unknown,19,True,60.0,244,4.066666666666666
055_020,c:\Projects\signia-fsl-recognition\dynamic_raw\55\9.MOV,55,DAUGHTER,Daughter,FAMILY,dynamic,unknown,20,True,60.0,244,4.066666666666666
056_001,c:\Projects\signia-fsl-recognition\dynamic_raw\56\0.MOV,56,GRANDFATHER,Grandfather,FAMILY,dynamic,unknown,1,True,60.0,244,4.066666666666666
056_002,c:\Projects\signia-fsl-recognition\dynamic_raw\56\1.MOV,56,GRANDFATHER,Grandfather,FAMILY,dynamic,unknown,2,True,60.0,244,4.066666666666666
056_003,c:\Projects\signia-fsl-recognition\dynamic_raw\56\10.MOV,56,GRANDFATHER,Grandfather,FAMILY,dynamic,unknown,3,True,60.0,244,4.066666666666666
056_004,c:\Projects\signia-fsl-recognition\dynamic_raw\56\11.MOV,56,GRANDFATHER,Grandfather,FAMILY,dynamic,unknown,4,True,60.0,244,4.066666666666666
056_005,c:\Projects\signia-fsl-recognition\dynamic_raw\56\12.MOV,56,GRANDFATHER,Grandfather,FAMILY,dynamic,unknown,5,True,60.0,244,4.066666666666666
056_006,c:\Projects\signia-fsl-recognition\dynamic_raw\56\13.MOV,56,GRANDFATHER,Grandfather,FAMILY,dynamic,unknown,6,True,60.0,244,4.066666666666666
056_007,c:\Projects\signia-fsl-recognition\dynamic_raw\56\14.MOV,56,GRANDFATHER,Grandfather,FAMILY,dynamic,unknown,7,True,60.0,244,4.066666666666666
056_008,c:\Projects\signia-fsl-recognition\dynamic_raw\56\15.MOV,56,GRANDFATHER,Grandfather,FAMILY,dynamic,unknown,8,True,60.0,244,4.066666666666666
056_009,c:\Projects\signia-fsl-recognition\dynamic_raw\56\16.MOV,56,GRANDFATHER,Grandfather,FAMILY,dynamic,unknown,9,True,60.0,244,4.066666666666666
056_010,c:\Projects\signia-fsl-recognition\dynamic_raw\56\17.MOV,56,GRANDFATHER,Grandfather,FAMILY,dynamic,unknown,10,True,60.0,244,4.066666666666666
056_011,c:\Projects\signia-fsl-recognition\dynamic_raw\56\2.MOV,56,GRANDFATHER,Grandfather,FAMILY,dynamic,unknown,11,True,60.0,244,4.066666666666666
056_012,c:\Projects\signia-fsl-recognition\dynamic_raw\56\3.MOV,56,GRANDFATHER,Grandfather,FAMILY,dynamic,unknown,12,True,60.0,244,4.066666666666666
056_013,c:\Projects\signia-fsl-recognition\dynamic_raw\56\4.MOV,56,GRANDFATHER,Grandfather,FAMILY,dynamic,unknown,13,True,60.0,244,4.066666666666666
056_014,c:\Projects\signia-fsl-recognition\dynamic_raw\56\5.MOV,56,GRANDFATHER,Grandfather,FAMILY,dynamic,unknown,14,True,60.0,244,4.066666666666666
056_015,c:\Projects\signia-fsl-recognition\dynamic_raw\56\6.MOV,56,GRANDFATHER,Grandfather,FAMILY,dynamic,unknown,15,True,60.0,244,4.066666666666666
056_016,c:\Projects\signia-fsl-recognition\dynamic_raw\56\7.MOV,56,GRANDFATHER,Grandfather,FAMILY,dynamic,unknown,16,True,60.0,243,4.05
056_017,c:\Projects\signia-fsl-recognition\dynamic_raw\56\8.MOV,56,GRANDFATHER,Grandfather,FAMILY,dynamic,unknown,17,True,60.0,244,4.066666666666666
056_018,c:\Projects\signia-fsl-recognition\dynamic_raw\56\9.MOV,56,GRANDFATHER,Grandfather,FAMILY,dynamic,unknown,18,True,60.0,244,4.066666666666666
057_001,c:\Projects\signia-fsl-recognition\dynamic_raw\57\0.MOV,57,GRANDMOTHER,Grandmother,FAMILY,dynamic,unknown,1,True,60.0,244,4.066666666666666
057_002,c:\Projects\signia-fsl-recognition\dynamic_raw\57\1.MOV,57,GRANDMOTHER,Grandmother,FAMILY,dynamic,unknown,2,True,60.0,244,4.066666666666666
057_003,c:\Projects\signia-fsl-recognition\dynamic_raw\57\10.MOV,57,GRANDMOTHER,Grandmother,FAMILY,dynamic,unknown,3,True,60.0,244,4.066666666666666
057_004,c:\Projects\signia-fsl-recognition\dynamic_raw\57\11.MOV,57,GRANDMOTHER,Grandmother,FAMILY,dynamic,unknown,4,True,60.0,244,4.066666666666666
057_005,c:\Projects\signia-fsl-recognition\dynamic_raw\57\12.MOV,57,GRANDMOTHER,Grandmother,FAMILY,dynamic,unknown,5,True,60.0,244,4.066666666666666
057_006,c:\Projects\signia-fsl-recognition\dynamic_raw\57\13.MOV,57,GRANDMOTHER,Grandmother,FAMILY,dynamic,unknown,6,True,60.0,244,4.066666666666666
057_007,c:\Projects\signia-fsl-recognition\dynamic_raw\57\14.MOV,57,GRANDMOTHER,Grandmother,FAMILY,dynamic,unknown,7,True,60.0,244,4.066666666666666
057_008,c:\Projects\signia-fsl-recognition\dynamic_raw\57\15.MOV,57,GRANDMOTHER,Grandmother,FAMILY,dynamic,unknown,8,True,60.0,244,4.066666666666666
057_009,c:\Projects\signia-fsl-recognition\dynamic_raw\57\16.MOV,57,GRANDMOTHER,Grandmother,FAMILY,dynamic,unknown,9,True,60.0,244,4.066666666666666
057_010,c:\Projects\signia-fsl-recognition\dynamic_raw\57\17.MOV,57,GRANDMOTHER,Grandmother,FAMILY,dynamic,unknown,10,True,60.0,244,4.066666666666666
057_011,c:\Projects\signia-fsl-recognition\dynamic_raw\57\18.MOV,57,GRANDMOTHER,Grandmother,FAMILY,dynamic,unknown,11,True,60.0,244,4.066666666666666
057_012,c:\Projects\signia-fsl-recognition\dynamic_raw\57\19.MOV,57,GRANDMOTHER,Grandmother,FAMILY,dynamic,unknown,12,True,60.0,244,4.066666666666666
057_013,c:\Projects\signia-fsl-recognition\dynamic_raw\57\2.MOV,57,GRANDMOTHER,Grandmother,FAMILY,dynamic,unknown,13,True,60.0,244,4.066666666666666
057_014,c:\Projects\signia-fsl-recognition\dynamic_raw\57\3.MOV,57,GRANDMOTHER,Grandmother,FAMILY,dynamic,unknown,14,True,60.0,244,4.066666666666666
057_015,c:\Projects\signia-fsl-recognition\dynamic_raw\57\4.MOV,57,GRANDMOTHER,Grandmother,FAMILY,dynamic,unknown,15,True,60.0,244,4.066666666666666
057_016,c:\Projects\signia-fsl-recognition\dynamic_raw\57\5.MOV,57,GRANDMOTHER,Grandmother,FAMILY,dynamic,unknown,16,True,60.0,243,4.05
057_017,c:\Projects\signia-fsl-recognition\dynamic_raw\57\6.MOV,57,GRANDMOTHER,Grandmother,FAMILY,dynamic,unknown,17,True,60.0,243,4.05
057_018,c:\Projects\signia-fsl-recognition\dynamic_raw\57\7.MOV,57,GRANDMOTHER,Grandmother,FAMILY,dynamic,unknown,18,True,60.0,243,4.05
057_019,c:\Projects\signia-fsl-recognition\dynamic_raw\57\8.MOV,57,GRANDMOTHER,Grandmother,FAMILY,dynamic,unknown,19,True,60.0,243,4.05
057_020,c:\Projects\signia-fsl-recognition\dynamic_raw\57\9.MOV,57,GRANDMOTHER,Grandmother,FAMILY,dynamic,unknown,20,True,60.0,243,4.05
058_001,c:\Projects\signia-fsl-recognition\dynamic_raw\58\0.MOV,58,UNCLE,Uncle,FAMILY,dynamic,unknown,1,True,60.0,244,4.066666666666666
058_002,c:\Projects\signia-fsl-recognition\dynamic_raw\58\1.MOV,58,UNCLE,Uncle,FAMILY,dynamic,unknown,2,True,60.0,244,4.066666666666666
058_003,c:\Projects\signia-fsl-recognition\dynamic_raw\58\10.MOV,58,UNCLE,Uncle,FAMILY,dynamic,unknown,3,True,60.0,243,4.05
058_004,c:\Projects\signia-fsl-recognition\dynamic_raw\58\11.MOV,58,UNCLE,Uncle,FAMILY,dynamic,unknown,4,True,60.0,243,4.05
058_005,c:\Projects\signia-fsl-recognition\dynamic_raw\58\12.MOV,58,UNCLE,Uncle,FAMILY,dynamic,unknown,5,True,60.0,243,4.05
058_006,c:\Projects\signia-fsl-recognition\dynamic_raw\58\13.MOV,58,UNCLE,Uncle,FAMILY,dynamic,unknown,6,True,60.0,243,4.05
058_007,c:\Projects\signia-fsl-recognition\dynamic_raw\58\14.MOV,58,UNCLE,Uncle,FAMILY,dynamic,unknown,7,True,60.0,243,4.05
058_008,c:\Projects\signia-fsl-recognition\dynamic_raw\58\15.MOV,58,UNCLE,Uncle,FAMILY,dynamic,unknown,8,True,60.0,243,4.05
058_009,c:\Projects\signia-fsl-recognition\dynamic_raw\58\16.MOV,58,UNCLE,Uncle,FAMILY,dynamic,unknown,9,True,60.0,243,4.05
058_010,c:\Projects\signia-fsl-recognition\dynamic_raw\58\17.MOV,58,UNCLE,Uncle,FAMILY,dynamic,unknown,10,True,60.0,243,4.05
058_011,c:\Projects\signia-fsl-recognition\dynamic_raw\58\18.MOV,58,UNCLE,Uncle,FAMILY,dynamic,unknown,11,True,60.0,243,4.05
058_012,c:\Projects\signia-fsl-recognition\dynamic_raw\58\19.MOV,58,UNCLE,Uncle,FAMILY,dynamic,unknown,12,True,60.0,243,4.05
058_013,c:\Projects\signia-fsl-recognition\dynamic_raw\58\2.MOV,58,UNCLE,Uncle,FAMILY,dynamic,unknown,13,True,60.0,243,4.05
058_014,c:\Projects\signia-fsl-recognition\dynamic_raw\58\20.MOV,58,UNCLE,Uncle,FAMILY,dynamic,unknown,14,True,60.0,243,4.05
058_015,c:\Projects\signia-fsl-recognition\dynamic_raw\58\3.MOV,58,UNCLE,Uncle,FAMILY,dynamic,unknown,15,True,60.0,243,4.05
058_016,c:\Projects\signia-fsl-recognition\dynamic_raw\58\4.MOV,58,UNCLE,Uncle,FAMILY,dynamic,unknown,16,True,60.0,243,4.05
058_017,c:\Projects\signia-fsl-recognition\dynamic_raw\58\5.MOV,58,UNCLE,Uncle,FAMILY,dynamic,unknown,17,True,60.0,243,4.05
058_018,c:\Projects\signia-fsl-recognition\dynamic_raw\58\6.MOV,58,UNCLE,Uncle,FAMILY,dynamic,unknown,18,True,60.0,243,4.05
058_019,c:\Projects\signia-fsl-recognition\dynamic_raw\58\7.MOV,58,UNCLE,Uncle,FAMILY,dynamic,unknown,19,True,60.0,243,4.05
058_020,c:\Projects\signia-fsl-recognition\dynamic_raw\58\8.MOV,58,UNCLE,Uncle,FAMILY,dynamic,unknown,20,True,60.0,243,4.05
058_021,c:\Projects\signia-fsl-recognition\dynamic_raw\58\9.MOV,58,UNCLE,Uncle,FAMILY,dynamic,unknown,21,True,60.0,243,4.05
059_001,c:\Projects\signia-fsl-recognition\dynamic_raw\59\0.MOV,59,AUNTIE,Auntie,FAMILY,dynamic,unknown,1,True,60.0,243,4.05
059_002,c:\Projects\signia-fsl-recognition\dynamic_raw\59\1.MOV,59,AUNTIE,Auntie,FAMILY,dynamic,unknown,2,True,60.0,243,4.05
059_003,c:\Projects\signia-fsl-recognition\dynamic_raw\59\10.MOV,59,AUNTIE,Auntie,FAMILY,dynamic,unknown,3,True,60.0,243,4.05
059_004,c:\Projects\signia-fsl-recognition\dynamic_raw\59\11.MOV,59,AUNTIE,Auntie,FAMILY,dynamic,unknown,4,True,60.0,243,4.05
059_005,c:\Projects\signia-fsl-recognition\dynamic_raw\59\12.MOV,59,AUNTIE,Auntie,FAMILY,dynamic,unknown,5,True,60.0,243,4.05
059_006,c:\Projects\signia-fsl-recognition\dynamic_raw\59\13.MOV,59,AUNTIE,Auntie,FAMILY,dynamic,unknown,6,True,60.0,243,4.05
059_007,c:\Projects\signia-fsl-recognition\dynamic_raw\59\14.MOV,59,AUNTIE,Auntie,FAMILY,dynamic,unknown,7,True,60.0,243,4.05
059_008,c:\Projects\signia-fsl-recognition\dynamic_raw\59\15.MOV,59,AUNTIE,Auntie,FAMILY,dynamic,unknown,8,True,60.0,243,4.05
059_009,c:\Projects\signia-fsl-recognition\dynamic_raw\59\16.MOV,59,AUNTIE,Auntie,FAMILY,dynamic,unknown,9,True,60.0,243,4.05
059_010,c:\Projects\signia-fsl-recognition\dynamic_raw\59\17.MOV,59,AUNTIE,Auntie,FAMILY,dynamic,unknown,10,True,60.0,243,4.05
059_011,c:\Projects\signia-fsl-recognition\dynamic_raw\59\18.MOV,59,AUNTIE,Auntie,FAMILY,dynamic,unknown,11,True,60.0,243,4.05
059_012,c:\Projects\signia-fsl-recognition\dynamic_raw\59\19.MOV,59,AUNTIE,Auntie,FAMILY,dynamic,unknown,12,True,60.0,243,4.05
059_013,c:\Projects\signia-fsl-recognition\dynamic_raw\59\2.MOV,59,AUNTIE,Auntie,FAMILY,dynamic,unknown,13,True,60.0,243,4.05
059_014,c:\Projects\signia-fsl-recognition\dynamic_raw\59\3.MOV,59,AUNTIE,Auntie,FAMILY,dynamic,unknown,14,True,60.0,243,4.05
059_015,c:\Projects\signia-fsl-recognition\dynamic_raw\59\4.MOV,59,AUNTIE,Auntie,FAMILY,dynamic,unknown,15,True,60.0,243,4.05
059_016,c:\Projects\signia-fsl-recognition\dynamic_raw\59\5.MOV,59,AUNTIE,Auntie,FAMILY,dynamic,unknown,16,True,60.0,243,4.05
059_017,c:\Projects\signia-fsl-recognition\dynamic_raw\59\6.MOV,59,AUNTIE,Auntie,FAMILY,dynamic,unknown,17,True,60.0,243,4.05
059_018,c:\Projects\signia-fsl-recognition\dynamic_raw\59\7.MOV,59,AUNTIE,Auntie,FAMILY,dynamic,unknown,18,True,60.0,243,4.05
059_019,c:\Projects\signia-fsl-recognition\dynamic_raw\59\8.MOV,59,AUNTIE,Auntie,FAMILY,dynamic,unknown,19,True,60.0,243,4.05
059_020,c:\Projects\signia-fsl-recognition\dynamic_raw\59\9.MOV,59,AUNTIE,Auntie,FAMILY,dynamic,unknown,20,True,60.0,243,4.05
060_001,c:\Projects\signia-fsl-recognition\dynamic_raw\60\0.MOV,60,COUSIN,Cousin,FAMILY,dynamic,unknown,1,True,60.0,243,4.05
060_002,c:\Projects\signia-fsl-recognition\dynamic_raw\60\1.MOV,60,COUSIN,Cousin,FAMILY,dynamic,unknown,2,True,60.0,243,4.05
060_003,c:\Projects\signia-fsl-recognition\dynamic_raw\60\10.MOV,60,COUSIN,Cousin,FAMILY,dynamic,unknown,3,True,60.0,243,4.05
060_004,c:\Projects\signia-fsl-recognition\dynamic_raw\60\11.MOV,60,COUSIN,Cousin,FAMILY,dynamic,unknown,4,True,60.0,243,4.05
060_005,c:\Projects\signia-fsl-recognition\dynamic_raw\60\12.MOV,60,COUSIN,Cousin,FAMILY,dynamic,unknown,5,True,60.0,243,4.05
060_006,c:\Projects\signia-fsl-recognition\dynamic_raw\60\13.MOV,60,COUSIN,Cousin,FAMILY,dynamic,unknown,6,True,60.0,243,4.05
060_007,c:\Projects\signia-fsl-recognition\dynamic_raw\60\14.MOV,60,COUSIN,Cousin,FAMILY,dynamic,unknown,7,True,60.0,243,4.05
060_008,c:\Projects\signia-fsl-recognition\dynamic_raw\60\15.MOV,60,COUSIN,Cousin,FAMILY,dynamic,unknown,8,True,60.0,243,4.05
060_009,c:\Projects\signia-fsl-recognition\dynamic_raw\60\16.MOV,60,COUSIN,Cousin,FAMILY,dynamic,unknown,9,True,60.0,243,4.05
060_010,c:\Projects\signia-fsl-recognition\dynamic_raw\60\17.MOV,60,COUSIN,Cousin,FAMILY,dynamic,unknown,10,True,60.0,243,4.05
060_011,c:\Projects\signia-fsl-recognition\dynamic_raw\60\18.MOV,60,COUSIN,Cousin,FAMILY,dynamic,unknown,11,True,60.0,243,4.05
060_012,c:\Projects\signia-fsl-recognition\dynamic_raw\60\19.MOV,60,COUSIN,Cousin,FAMILY,dynamic,unknown,12,True,60.0,243,4.05
060_013,c:\Projects\signia-fsl-recognition\dynamic_raw\60\2.MOV,60,COUSIN,Cousin,FAMILY,dynamic,unknown,13,True,60.0,243,4.05
060_014,c:\Projects\signia-fsl-recognition\dynamic_raw\60\20.MOV,60,COUSIN,Cousin,FAMILY,dynamic,unknown,14,True,60.0,243,4.05
060_015,c:\Projects\signia-fsl-recognition\dynamic_raw\60\3.MOV,60,COUSIN,Cousin,FAMILY,dynamic,unknown,15,True,60.0,243,4.05
060_016,c:\Projects\signia-fsl-recognition\dynamic_raw\60\4.MOV,60,COUSIN,Cousin,FAMILY,dynamic,unknown,16,True,60.0,243,4.05
060_017,c:\Projects\signia-fsl-recognition\dynamic_raw\60\5.MOV,60,COUSIN,Cousin,FAMILY,dynamic,unknown,17,True,60.0,243,4.05
060_018,c:\Projects\signia-fsl-recognition\dynamic_raw\60\6.MOV,60,COUSIN,Cousin,FAMILY,dynamic,unknown,18,True,60.0,243,4.05
060_019,c:\Projects\signia-fsl-recognition\dynamic_raw\60\7.MOV,60,COUSIN,Cousin,FAMILY,dynamic,unknown,19,True,60.0,243,4.05
060_020,c:\Projects\signia-fsl-recognition\dynamic_raw\60\8.MOV,60,COUSIN,Cousin,FAMILY,dynamic,unknown,20,True,60.0,243,4.05
060_021,c:\Projects\signia-fsl-recognition\dynamic_raw\60\9.MOV,60,COUSIN,Cousin,FAMILY,dynamic,unknown,21,True,60.0,243,4.05
061_001,c:\Projects\signia-fsl-recognition\dynamic_raw\61\0.MOV,61,PARENTS,Parents,FAMILY,dynamic,unknown,1,True,60.0,243,4.05
061_002,c:\Projects\signia-fsl-recognition\dynamic_raw\61\1.MOV,61,PARENTS,Parents,FAMILY,dynamic,unknown,2,True,60.0,243,4.05
061_003,c:\Projects\signia-fsl-recognition\dynamic_raw\61\10.MOV,61,PARENTS,Parents,FAMILY,dynamic,unknown,3,True,60.0,243,4.05
061_004,c:\Projects\signia-fsl-recognition\dynamic_raw\61\11.MOV,61,PARENTS,Parents,FAMILY,dynamic,unknown,4,True,60.0,243,4.05
061_005,c:\Projects\signia-fsl-recognition\dynamic_raw\61\12.MOV,61,PARENTS,Parents,FAMILY,dynamic,unknown,5,True,60.0,243,4.05
061_006,c:\Projects\signia-fsl-recognition\dynamic_raw\61\13.MOV,61,PARENTS,Parents,FAMILY,dynamic,unknown,6,True,60.0,243,4.05
061_007,c:\Projects\signia-fsl-recognition\dynamic_raw\61\14.MOV,61,PARENTS,Parents,FAMILY,dynamic,unknown,7,True,60.0,243,4.05
061_008,c:\Projects\signia-fsl-recognition\dynamic_raw\61\15.MOV,61,PARENTS,Parents,FAMILY,dynamic,unknown,8,True,60.0,243,4.05
061_009,c:\Projects\signia-fsl-recognition\dynamic_raw\61\16.MOV,61,PARENTS,Parents,FAMILY,dynamic,unknown,9,True,60.0,243,4.05
061_010,c:\Projects\signia-fsl-recognition\dynamic_raw\61\17.MOV,61,PARENTS,Parents,FAMILY,dynamic,unknown,10,True,60.0,243,4.05
061_011,c:\Projects\signia-fsl-recognition\dynamic_raw\61\18.MOV,61,PARENTS,Parents,FAMILY,dynamic,unknown,11,True,60.0,243,4.05
061_012,c:\Projects\signia-fsl-recognition\dynamic_raw\61\19.MOV,61,PARENTS,Parents,FAMILY,dynamic,unknown,12,True,60.0,243,4.05
061_013,c:\Projects\signia-fsl-recognition\dynamic_raw\61\2.MOV,61,PARENTS,Parents,FAMILY,dynamic,unknown,13,True,60.0,243,4.05
061_014,c:\Projects\signia-fsl-recognition\dynamic_raw\61\3.MOV,61,PARENTS,Parents,FAMILY,dynamic,unknown,14,True,60.0,243,4.05
061_015,c:\Projects\signia-fsl-recognition\dynamic_raw\61\4.MOV,61,PARENTS,Parents,FAMILY,dynamic,unknown,15,True,60.0,243,4.05
061_016,c:\Projects\signia-fsl-recognition\dynamic_raw\61\5.MOV,61,PARENTS,Parents,FAMILY,dynamic,unknown,16,True,60.0,243,4.05
061_017,c:\Projects\signia-fsl-recognition\dynamic_raw\61\6.MOV,61,PARENTS,Parents,FAMILY,dynamic,unknown,17,True,60.0,243,4.05
061_018,c:\Projects\signia-fsl-recognition\dynamic_raw\61\7.MOV,61,PARENTS,Parents,FAMILY,dynamic,unknown,18,True,60.0,243,4.05
061_019,c:\Projects\signia-fsl-recognition\dynamic_raw\61\8.MOV,61,PARENTS,Parents,FAMILY,dynamic,unknown,19,True,60.0,243,4.05
061_020,c:\Projects\signia-fsl-recognition\dynamic_raw\61\9.MOV,61,PARENTS,Parents,FAMILY,dynamic,unknown,20,True,60.0,243,4.05
062_001,c:\Projects\signia-fsl-recognition\dynamic_raw\62\0.MOV,62,BOY,Boy,RELATIONSHIPS,dynamic,unknown,1,True,60.0,244,4.066666666666666
062_002,c:\Projects\signia-fsl-recognition\dynamic_raw\62\1.MOV,62,BOY,Boy,RELATIONSHIPS,dynamic,unknown,2,True,60.0,244,4.066666666666666
062_003,c:\Projects\signia-fsl-recognition\dynamic_raw\62\10.MOV,62,BOY,Boy,RELATIONSHIPS,dynamic,unknown,3,True,60.0,244,4.066666666666666
062_004,c:\Projects\signia-fsl-recognition\dynamic_raw\62\11.MOV,62,BOY,Boy,RELATIONSHIPS,dynamic,unknown,4,True,60.0,245,4.083333333333333
062_005,c:\Projects\signia-fsl-recognition\dynamic_raw\62\12.MOV,62,BOY,Boy,RELATIONSHIPS,dynamic,unknown,5,True,60.0,245,4.083333333333333
062_006,c:\Projects\signia-fsl-recognition\dynamic_raw\62\13.MOV,62,BOY,Boy,RELATIONSHIPS,dynamic,unknown,6,True,60.0,244,4.066666666666666
062_007,c:\Projects\signia-fsl-recognition\dynamic_raw\62\14.MOV,62,BOY,Boy,RELATIONSHIPS,dynamic,unknown,7,True,60.0,244,4.066666666666666
062_008,c:\Projects\signia-fsl-recognition\dynamic_raw\62\15.MOV,62,BOY,Boy,RELATIONSHIPS,dynamic,unknown,8,True,60.0,244,4.066666666666666
062_009,c:\Projects\signia-fsl-recognition\dynamic_raw\62\16.MOV,62,BOY,Boy,RELATIONSHIPS,dynamic,unknown,9,True,60.0,245,4.083333333333333
062_010,c:\Projects\signia-fsl-recognition\dynamic_raw\62\17.MOV,62,BOY,Boy,RELATIONSHIPS,dynamic,unknown,10,True,60.0,244,4.066666666666666
062_011,c:\Projects\signia-fsl-recognition\dynamic_raw\62\18.MOV,62,BOY,Boy,RELATIONSHIPS,dynamic,unknown,11,True,60.0,244,4.066666666666666
062_012,c:\Projects\signia-fsl-recognition\dynamic_raw\62\19.MOV,62,BOY,Boy,RELATIONSHIPS,dynamic,unknown,12,True,60.0,244,4.066666666666666
062_013,c:\Projects\signia-fsl-recognition\dynamic_raw\62\2.MOV,62,BOY,Boy,RELATIONSHIPS,dynamic,unknown,13,True,60.0,244,4.066666666666666
062_014,c:\Projects\signia-fsl-recognition\dynamic_raw\62\20.MOV,62,BOY,Boy,RELATIONSHIPS,dynamic,unknown,14,True,60.0,244,4.066666666666666
062_015,c:\Projects\signia-fsl-recognition\dynamic_raw\62\3.MOV,62,BOY,Boy,RELATIONSHIPS,dynamic,unknown,15,True,60.0,244,4.066666666666666
062_016,c:\Projects\signia-fsl-recognition\dynamic_raw\62\4.MOV,62,BOY,Boy,RELATIONSHIPS,dynamic,unknown,16,True,60.0,244,4.066666666666666
062_017,c:\Projects\signia-fsl-recognition\dynamic_raw\62\5.MOV,62,BOY,Boy,RELATIONSHIPS,dynamic,unknown,17,True,60.0,245,4.083333333333333
062_018,c:\Projects\signia-fsl-recognition\dynamic_raw\62\6.MOV,62,BOY,Boy,RELATIONSHIPS,dynamic,unknown,18,True,60.0,245,4.083333333333333
062_019,c:\Projects\signia-fsl-recognition\dynamic_raw\62\7.MOV,62,BOY,Boy,RELATIONSHIPS,dynamic,unknown,19,True,60.0,244,4.066666666666666
062_020,c:\Projects\signia-fsl-recognition\dynamic_raw\62\8.MOV,62,BOY,Boy,RELATIONSHIPS,dynamic,unknown,20,True,60.0,244,4.066666666666666
062_021,c:\Projects\signia-fsl-recognition\dynamic_raw\62\9.MOV,62,BOY,Boy,RELATIONSHIPS,dynamic,unknown,21,True,60.0,244,4.066666666666666
063_001,c:\Projects\signia-fsl-recognition\dynamic_raw\63\0.MOV,63,GIRL,Girl,RELATIONSHIPS,dynamic,unknown,1,True,60.0,244,4.066666666666666
063_002,c:\Projects\signia-fsl-recognition\dynamic_raw\63\1.MOV,63,GIRL,Girl,RELATIONSHIPS,dynamic,unknown,2,True,60.0,244,4.066666666666666
063_003,c:\Projects\signia-fsl-recognition\dynamic_raw\63\10.MOV,63,GIRL,Girl,RELATIONSHIPS,dynamic,unknown,3,True,60.0,244,4.066666666666666
063_004,c:\Projects\signia-fsl-recognition\dynamic_raw\63\11.MOV,63,GIRL,Girl,RELATIONSHIPS,dynamic,unknown,4,True,60.0,244,4.066666666666666
063_005,c:\Projects\signia-fsl-recognition\dynamic_raw\63\12.MOV,63,GIRL,Girl,RELATIONSHIPS,dynamic,unknown,5,True,60.0,244,4.066666666666666
063_006,c:\Projects\signia-fsl-recognition\dynamic_raw\63\13.MOV,63,GIRL,Girl,RELATIONSHIPS,dynamic,unknown,6,True,60.0,244,4.066666666666666
063_007,c:\Projects\signia-fsl-recognition\dynamic_raw\63\14.MOV,63,GIRL,Girl,RELATIONSHIPS,dynamic,unknown,7,True,60.0,244,4.066666666666666
063_008,c:\Projects\signia-fsl-recognition\dynamic_raw\63\15.MOV,63,GIRL,Girl,RELATIONSHIPS,dynamic,unknown,8,True,60.0,244,4.066666666666666
063_009,c:\Projects\signia-fsl-recognition\dynamic_raw\63\16.MOV,63,GIRL,Girl,RELATIONSHIPS,dynamic,unknown,9,True,60.0,244,4.066666666666666
063_010,c:\Projects\signia-fsl-recognition\dynamic_raw\63\17.MOV,63,GIRL,Girl,RELATIONSHIPS,dynamic,unknown,10,True,60.0,244,4.066666666666666
063_011,c:\Projects\signia-fsl-recognition\dynamic_raw\63\18.MOV,63,GIRL,Girl,RELATIONSHIPS,dynamic,unknown,11,True,60.0,244,4.066666666666666
063_012,c:\Projects\signia-fsl-recognition\dynamic_raw\63\19.MOV,63,GIRL,Girl,RELATIONSHIPS,dynamic,unknown,12,True,60.0,244,4.066666666666666
063_013,c:\Projects\signia-fsl-recognition\dynamic_raw\63\2.MOV,63,GIRL,Girl,RELATIONSHIPS,dynamic,unknown,13,True,60.0,244,4.066666666666666
063_014,c:\Projects\signia-fsl-recognition\dynamic_raw\63\3.MOV,63,GIRL,Girl,RELATIONSHIPS,dynamic,unknown,14,True,60.0,244,4.066666666666666
063_015,c:\Projects\signia-fsl-recognition\dynamic_raw\63\4.MOV,63,GIRL,Girl,RELATIONSHIPS,dynamic,unknown,15,True,60.0,244,4.066666666666666
063_016,c:\Projects\signia-fsl-recognition\dynamic_raw\63\5.MOV,63,GIRL,Girl,RELATIONSHIPS,dynamic,unknown,16,True,60.0,244,4.066666666666666
063_017,c:\Projects\signia-fsl-recognition\dynamic_raw\63\6.MOV,63,GIRL,Girl,RELATIONSHIPS,dynamic,unknown,17,True,60.0,244,4.066666666666666
063_018,c:\Projects\signia-fsl-recognition\dynamic_raw\63\7.MOV,63,GIRL,Girl,RELATIONSHIPS,dynamic,unknown,18,True,60.0,244,4.066666666666666
063_019,c:\Projects\signia-fsl-recognition\dynamic_raw\63\8.MOV,63,GIRL,Girl,RELATIONSHIPS,dynamic,unknown,19,True,60.0,244,4.066666666666666
063_020,c:\Projects\signia-fsl-recognition\dynamic_raw\63\9.MOV,63,GIRL,Girl,RELATIONSHIPS,dynamic,unknown,20,True,60.0,244,4.066666666666666
064_001,c:\Projects\signia-fsl-recognition\dynamic_raw\64\0.MOV,64,MAN,Man,RELATIONSHIPS,dynamic,unknown,1,True,60.0,244,4.066666666666666
064_002,c:\Projects\signia-fsl-recognition\dynamic_raw\64\1.MOV,64,MAN,Man,RELATIONSHIPS,dynamic,unknown,2,True,60.0,244,4.066666666666666
064_003,c:\Projects\signia-fsl-recognition\dynamic_raw\64\10.MOV,64,MAN,Man,RELATIONSHIPS,dynamic,unknown,3,True,60.0,244,4.066666666666666
064_004,c:\Projects\signia-fsl-recognition\dynamic_raw\64\11.MOV,64,MAN,Man,RELATIONSHIPS,dynamic,unknown,4,True,60.0,244,4.066666666666666
064_005,c:\Projects\signia-fsl-recognition\dynamic_raw\64\12.MOV,64,MAN,Man,RELATIONSHIPS,dynamic,unknown,5,True,60.0,244,4.066666666666666
064_006,c:\Projects\signia-fsl-recognition\dynamic_raw\64\13.MOV,64,MAN,Man,RELATIONSHIPS,dynamic,unknown,6,True,60.0,244,4.066666666666666
064_007,c:\Projects\signia-fsl-recognition\dynamic_raw\64\14.MOV,64,MAN,Man,RELATIONSHIPS,dynamic,unknown,7,True,60.0,244,4.066666666666666
064_008,c:\Projects\signia-fsl-recognition\dynamic_raw\64\15.MOV,64,MAN,Man,RELATIONSHIPS,dynamic,unknown,8,True,60.0,244,4.066666666666666
064_009,c:\Projects\signia-fsl-recognition\dynamic_raw\64\16.MOV,64,MAN,Man,RELATIONSHIPS,dynamic,unknown,9,True,60.0,244,4.066666666666666
064_010,c:\Projects\signia-fsl-recognition\dynamic_raw\64\17.MOV,64,MAN,Man,RELATIONSHIPS,dynamic,unknown,10,True,60.0,244,4.066666666666666
064_011,c:\Projects\signia-fsl-recognition\dynamic_raw\64\18.MOV,64,MAN,Man,RELATIONSHIPS,dynamic,unknown,11,True,60.0,244,4.066666666666666
064_012,c:\Projects\signia-fsl-recognition\dynamic_raw\64\19.MOV,64,MAN,Man,RELATIONSHIPS,dynamic,unknown,12,True,60.0,244,4.066666666666666
064_013,c:\Projects\signia-fsl-recognition\dynamic_raw\64\2.MOV,64,MAN,Man,RELATIONSHIPS,dynamic,unknown,13,True,60.0,244,4.066666666666666
064_014,c:\Projects\signia-fsl-recognition\dynamic_raw\64\3.MOV,64,MAN,Man,RELATIONSHIPS,dynamic,unknown,14,True,60.0,244,4.066666666666666
064_015,c:\Projects\signia-fsl-recognition\dynamic_raw\64\4.MOV,64,MAN,Man,RELATIONSHIPS,dynamic,unknown,15,True,60.0,244,4.066666666666666
064_016,c:\Projects\signia-fsl-recognition\dynamic_raw\64\5.MOV,64,MAN,Man,RELATIONSHIPS,dynamic,unknown,16,True,60.0,244,4.066666666666666
064_017,c:\Projects\signia-fsl-recognition\dynamic_raw\64\6.MOV,64,MAN,Man,RELATIONSHIPS,dynamic,unknown,17,True,60.0,244,4.066666666666666
064_018,c:\Projects\signia-fsl-recognition\dynamic_raw\64\7.MOV,64,MAN,Man,RELATIONSHIPS,dynamic,unknown,18,True,60.0,244,4.066666666666666
064_019,c:\Projects\signia-fsl-recognition\dynamic_raw\64\8.MOV,64,MAN,Man,RELATIONSHIPS,dynamic,unknown,19,True,60.0,244,4.066666666666666
064_020,c:\Projects\signia-fsl-recognition\dynamic_raw\64\9.MOV,64,MAN,Man,RELATIONSHIPS,dynamic,unknown,20,True,60.0,244,4.066666666666666
065_001,c:\Projects\signia-fsl-recognition\dynamic_raw\65\0.MOV,65,WOMAN,Woman,RELATIONSHIPS,dynamic,unknown,1,True,60.0,244,4.066666666666666
065_002,c:\Projects\signia-fsl-recognition\dynamic_raw\65\1.MOV,65,WOMAN,Woman,RELATIONSHIPS,dynamic,unknown,2,True,60.0,244,4.066666666666666
065_003,c:\Projects\signia-fsl-recognition\dynamic_raw\65\10.MOV,65,WOMAN,Woman,RELATIONSHIPS,dynamic,unknown,3,True,60.0,244,4.066666666666666
065_004,c:\Projects\signia-fsl-recognition\dynamic_raw\65\11.MOV,65,WOMAN,Woman,RELATIONSHIPS,dynamic,unknown,4,True,60.0,244,4.066666666666666
065_005,c:\Projects\signia-fsl-recognition\dynamic_raw\65\12.MOV,65,WOMAN,Woman,RELATIONSHIPS,dynamic,unknown,5,True,60.0,244,4.066666666666666
065_006,c:\Projects\signia-fsl-recognition\dynamic_raw\65\13.MOV,65,WOMAN,Woman,RELATIONSHIPS,dynamic,unknown,6,True,60.0,244,4.066666666666666
065_007,c:\Projects\signia-fsl-recognition\dynamic_raw\65\14.MOV,65,WOMAN,Woman,RELATIONSHIPS,dynamic,unknown,7,True,60.0,244,4.066666666666666
065_008,c:\Projects\signia-fsl-recognition\dynamic_raw\65\15.MOV,65,WOMAN,Woman,RELATIONSHIPS,dynamic,unknown,8,True,60.0,244,4.066666666666666
065_009,c:\Projects\signia-fsl-recognition\dynamic_raw\65\16.MOV,65,WOMAN,Woman,RELATIONSHIPS,dynamic,unknown,9,True,60.0,244,4.066666666666666
065_010,c:\Projects\signia-fsl-recognition\dynamic_raw\65\17.MOV,65,WOMAN,Woman,RELATIONSHIPS,dynamic,unknown,10,True,60.0,244,4.066666666666666
065_011,c:\Projects\signia-fsl-recognition\dynamic_raw\65\18.MOV,65,WOMAN,Woman,RELATIONSHIPS,dynamic,unknown,11,True,60.0,244,4.066666666666666
065_012,c:\Projects\signia-fsl-recognition\dynamic_raw\65\19.MOV,65,WOMAN,Woman,RELATIONSHIPS,dynamic,unknown,12,True,60.0,244,4.066666666666666
065_013,c:\Projects\signia-fsl-recognition\dynamic_raw\65\2.MOV,65,WOMAN,Woman,RELATIONSHIPS,dynamic,unknown,13,True,60.0,244,4.066666666666666
065_014,c:\Projects\signia-fsl-recognition\dynamic_raw\65\3.MOV,65,WOMAN,Woman,RELATIONSHIPS,dynamic,unknown,14,True,60.0,244,4.066666666666666
065_015,c:\Projects\signia-fsl-recognition\dynamic_raw\65\4.MOV,65,WOMAN,Woman,RELATIONSHIPS,dynamic,unknown,15,True,60.0,244,4.066666666666666
065_016,c:\Projects\signia-fsl-recognition\dynamic_raw\65\5.MOV,65,WOMAN,Woman,RELATIONSHIPS,dynamic,unknown,16,True,60.0,244,4.066666666666666
065_017,c:\Projects\signia-fsl-recognition\dynamic_raw\65\6.MOV,65,WOMAN,Woman,RELATIONSHIPS,dynamic,unknown,17,True,60.0,244,4.066666666666666
065_018,c:\Projects\signia-fsl-recognition\dynamic_raw\65\7.MOV,65,WOMAN,Woman,RELATIONSHIPS,dynamic,unknown,18,True,60.0,244,4.066666666666666
065_019,c:\Projects\signia-fsl-recognition\dynamic_raw\65\8.MOV,65,WOMAN,Woman,RELATIONSHIPS,dynamic,unknown,19,True,60.0,244,4.066666666666666
065_020,c:\Projects\signia-fsl-recognition\dynamic_raw\65\9.MOV,65,WOMAN,Woman,RELATIONSHIPS,dynamic,unknown,20,True,60.0,244,4.066666666666666
066_001,c:\Projects\signia-fsl-recognition\dynamic_raw\66\0.MOV,66,DEAF,Deaf,RELATIONSHIPS,dynamic,unknown,1,True,60.0,244,4.066666666666666
066_002,c:\Projects\signia-fsl-recognition\dynamic_raw\66\1.MOV,66,DEAF,Deaf,RELATIONSHIPS,dynamic,unknown,2,True,60.0,244,4.066666666666666
066_003,c:\Projects\signia-fsl-recognition\dynamic_raw\66\10.MOV,66,DEAF,Deaf,RELATIONSHIPS,dynamic,unknown,3,True,60.0,244,4.066666666666666
066_004,c:\Projects\signia-fsl-recognition\dynamic_raw\66\11.MOV,66,DEAF,Deaf,RELATIONSHIPS,dynamic,unknown,4,True,60.0,244,4.066666666666666
066_005,c:\Projects\signia-fsl-recognition\dynamic_raw\66\12.MOV,66,DEAF,Deaf,RELATIONSHIPS,dynamic,unknown,5,True,60.0,244,4.066666666666666
066_006,c:\Projects\signia-fsl-recognition\dynamic_raw\66\13.MOV,66,DEAF,Deaf,RELATIONSHIPS,dynamic,unknown,6,True,60.0,244,4.066666666666666
066_007,c:\Projects\signia-fsl-recognition\dynamic_raw\66\14.MOV,66,DEAF,Deaf,RELATIONSHIPS,dynamic,unknown,7,True,60.0,244,4.066666666666666
066_008,c:\Projects\signia-fsl-recognition\dynamic_raw\66\15.MOV,66,DEAF,Deaf,RELATIONSHIPS,dynamic,unknown,8,True,60.0,244,4.066666666666666
066_009,c:\Projects\signia-fsl-recognition\dynamic_raw\66\16.MOV,66,DEAF,Deaf,RELATIONSHIPS,dynamic,unknown,9,True,60.0,244,4.066666666666666
066_010,c:\Projects\signia-fsl-recognition\dynamic_raw\66\17.MOV,66,DEAF,Deaf,RELATIONSHIPS,dynamic,unknown,10,True,60.0,244,4.066666666666666
066_011,c:\Projects\signia-fsl-recognition\dynamic_raw\66\18.MOV,66,DEAF,Deaf,RELATIONSHIPS,dynamic,unknown,11,True,60.0,244,4.066666666666666
066_012,c:\Projects\signia-fsl-recognition\dynamic_raw\66\19.MOV,66,DEAF,Deaf,RELATIONSHIPS,dynamic,unknown,12,True,60.0,244,4.066666666666666
066_013,c:\Projects\signia-fsl-recognition\dynamic_raw\66\2.MOV,66,DEAF,Deaf,RELATIONSHIPS,dynamic,unknown,13,True,60.0,244,4.066666666666666
066_014,c:\Projects\signia-fsl-recognition\dynamic_raw\66\20.MOV,66,DEAF,Deaf,RELATIONSHIPS,dynamic,unknown,14,True,60.0,244,4.066666666666666
066_015,c:\Projects\signia-fsl-recognition\dynamic_raw\66\3.MOV,66,DEAF,Deaf,RELATIONSHIPS,dynamic,unknown,15,True,60.0,244,4.066666666666666
066_016,c:\Projects\signia-fsl-recognition\dynamic_raw\66\4.MOV,66,DEAF,Deaf,RELATIONSHIPS,dynamic,unknown,16,True,60.0,244,4.066666666666666
066_017,c:\Projects\signia-fsl-recognition\dynamic_raw\66\5.MOV,66,DEAF,Deaf,RELATIONSHIPS,dynamic,unknown,17,True,60.0,244,4.066666666666666
066_018,c:\Projects\signia-fsl-recognition\dynamic_raw\66\6.MOV,66,DEAF,Deaf,RELATIONSHIPS,dynamic,unknown,18,True,60.0,244,4.066666666666666
066_019,c:\Projects\signia-fsl-recognition\dynamic_raw\66\7.MOV,66,DEAF,Deaf,RELATIONSHIPS,dynamic,unknown,19,True,60.0,244,4.066666666666666
066_020,c:\Projects\signia-fsl-recognition\dynamic_raw\66\8.MOV,66,DEAF,Deaf,RELATIONSHIPS,dynamic,unknown,20,True,60.0,244,4.066666666666666
066_021,c:\Projects\signia-fsl-recognition\dynamic_raw\66\9.MOV,66,DEAF,Deaf,RELATIONSHIPS,dynamic,unknown,21,True,60.0,244,4.066666666666666
067_001,c:\Projects\signia-fsl-recognition\dynamic_raw\67\0.MOV,67,HARD OF HEARING,Hard Of Hearing,RELATIONSHIPS,dynamic,unknown,1,True,60.0,244,4.066666666666666
067_002,c:\Projects\signia-fsl-recognition\dynamic_raw\67\1.MOV,67,HARD OF HEARING,Hard Of Hearing,RELATIONSHIPS,dynamic,unknown,2,True,60.0,244,4.066666666666666
067_003,c:\Projects\signia-fsl-recognition\dynamic_raw\67\10.MOV,67,HARD OF HEARING,Hard Of Hearing,RELATIONSHIPS,dynamic,unknown,3,True,60.0,244,4.066666666666666
067_004,c:\Projects\signia-fsl-recognition\dynamic_raw\67\11.MOV,67,HARD OF HEARING,Hard Of Hearing,RELATIONSHIPS,dynamic,unknown,4,True,60.0,244,4.066666666666666
067_005,c:\Projects\signia-fsl-recognition\dynamic_raw\67\12.MOV,67,HARD OF HEARING,Hard Of Hearing,RELATIONSHIPS,dynamic,unknown,5,True,60.0,244,4.066666666666666
067_006,c:\Projects\signia-fsl-recognition\dynamic_raw\67\13.MOV,67,HARD OF HEARING,Hard Of Hearing,RELATIONSHIPS,dynamic,unknown,6,True,60.0,244,4.066666666666666
067_007,c:\Projects\signia-fsl-recognition\dynamic_raw\67\14.MOV,67,HARD OF HEARING,Hard Of Hearing,RELATIONSHIPS,dynamic,unknown,7,True,60.0,244,4.066666666666666
067_008,c:\Projects\signia-fsl-recognition\dynamic_raw\67\15.MOV,67,HARD OF HEARING,Hard Of Hearing,RELATIONSHIPS,dynamic,unknown,8,True,60.0,244,4.066666666666666
067_009,c:\Projects\signia-fsl-recognition\dynamic_raw\67\16.MOV,67,HARD OF HEARING,Hard Of Hearing,RELATIONSHIPS,dynamic,unknown,9,True,60.0,244,4.066666666666666
067_010,c:\Projects\signia-fsl-recognition\dynamic_raw\67\17.MOV,67,HARD OF HEARING,Hard Of Hearing,RELATIONSHIPS,dynamic,unknown,10,True,60.0,244,4.066666666666666
067_011,c:\Projects\signia-fsl-recognition\dynamic_raw\67\18.MOV,67,HARD OF HEARING,Hard Of Hearing,RELATIONSHIPS,dynamic,unknown,11,True,60.0,244,4.066666666666666
067_012,c:\Projects\signia-fsl-recognition\dynamic_raw\67\19.MOV,67,HARD OF HEARING,Hard Of Hearing,RELATIONSHIPS,dynamic,unknown,12,True,60.0,244,4.066666666666666
067_013,c:\Projects\signia-fsl-recognition\dynamic_raw\67\2.MOV,67,HARD OF HEARING,Hard Of Hearing,RELATIONSHIPS,dynamic,unknown,13,True,60.0,244,4.066666666666666
067_014,c:\Projects\signia-fsl-recognition\dynamic_raw\67\3.MOV,67,HARD OF HEARING,Hard Of Hearing,RELATIONSHIPS,dynamic,unknown,14,True,60.0,244,4.066666666666666
067_015,c:\Projects\signia-fsl-recognition\dynamic_raw\67\4.MOV,67,HARD OF HEARING,Hard Of Hearing,RELATIONSHIPS,dynamic,unknown,15,True,60.0,243,4.05
067_016,c:\Projects\signia-fsl-recognition\dynamic_raw\67\5.MOV,67,HARD OF HEARING,Hard Of Hearing,RELATIONSHIPS,dynamic,unknown,16,True,60.0,244,4.066666666666666
067_017,c:\Projects\signia-fsl-recognition\dynamic_raw\67\6.MOV,67,HARD OF HEARING,Hard Of Hearing,RELATIONSHIPS,dynamic,unknown,17,True,60.0,244,4.066666666666666
067_018,c:\Projects\signia-fsl-recognition\dynamic_raw\67\7.MOV,67,HARD OF HEARING,Hard Of Hearing,RELATIONSHIPS,dynamic,unknown,18,True,60.0,244,4.066666666666666
067_019,c:\Projects\signia-fsl-recognition\dynamic_raw\67\8.MOV,67,HARD OF HEARING,Hard Of Hearing,RELATIONSHIPS,dynamic,unknown,19,True,60.0,244,4.066666666666666
067_020,c:\Projects\signia-fsl-recognition\dynamic_raw\67\9.MOV,67,HARD OF HEARING,Hard Of Hearing,RELATIONSHIPS,dynamic,unknown,20,True,60.0,244,4.066666666666666
068_001,c:\Projects\signia-fsl-recognition\dynamic_raw\68\0.MOV,68,WHEELCHAIR PERSON,Wheelchair Person,RELATIONSHIPS,dynamic,unknown,1,True,60.0,243,4.05
068_002,c:\Projects\signia-fsl-recognition\dynamic_raw\68\1.MOV,68,WHEELCHAIR PERSON,Wheelchair Person,RELATIONSHIPS,dynamic,unknown,2,True,60.0,243,4.05
068_003,c:\Projects\signia-fsl-recognition\dynamic_raw\68\10.MOV,68,WHEELCHAIR PERSON,Wheelchair Person,RELATIONSHIPS,dynamic,unknown,3,True,60.0,244,4.066666666666666
068_004,c:\Projects\signia-fsl-recognition\dynamic_raw\68\11.MOV,68,WHEELCHAIR PERSON,Wheelchair Person,RELATIONSHIPS,dynamic,unknown,4,True,60.0,244,4.066666666666666
068_005,c:\Projects\signia-fsl-recognition\dynamic_raw\68\12.MOV,68,WHEELCHAIR PERSON,Wheelchair Person,RELATIONSHIPS,dynamic,unknown,5,True,60.0,244,4.066666666666666
068_006,c:\Projects\signia-fsl-recognition\dynamic_raw\68\13.MOV,68,WHEELCHAIR PERSON,Wheelchair Person,RELATIONSHIPS,dynamic,unknown,6,True,60.0,243,4.05
068_007,c:\Projects\signia-fsl-recognition\dynamic_raw\68\14.MOV,68,WHEELCHAIR PERSON,Wheelchair Person,RELATIONSHIPS,dynamic,unknown,7,True,60.0,243,4.05
068_008,c:\Projects\signia-fsl-recognition\dynamic_raw\68\15.MOV,68,WHEELCHAIR PERSON,Wheelchair Person,RELATIONSHIPS,dynamic,unknown,8,True,60.0,244,4.066666666666666
068_009,c:\Projects\signia-fsl-recognition\dynamic_raw\68\16.MOV,68,WHEELCHAIR PERSON,Wheelchair Person,RELATIONSHIPS,dynamic,unknown,9,True,60.0,243,4.05
068_010,c:\Projects\signia-fsl-recognition\dynamic_raw\68\17.MOV,68,WHEELCHAIR PERSON,Wheelchair Person,RELATIONSHIPS,dynamic,unknown,10,True,60.0,243,4.05
068_011,c:\Projects\signia-fsl-recognition\dynamic_raw\68\18.MOV,68,WHEELCHAIR PERSON,Wheelchair Person,RELATIONSHIPS,dynamic,unknown,11,True,60.0,243,4.05
068_012,c:\Projects\signia-fsl-recognition\dynamic_raw\68\19.MOV,68,WHEELCHAIR PERSON,Wheelchair Person,RELATIONSHIPS,dynamic,unknown,12,True,60.0,243,4.05
068_013,c:\Projects\signia-fsl-recognition\dynamic_raw\68\2.MOV,68,WHEELCHAIR PERSON,Wheelchair Person,RELATIONSHIPS,dynamic,unknown,13,True,60.0,243,4.05
068_014,c:\Projects\signia-fsl-recognition\dynamic_raw\68\3.MOV,68,WHEELCHAIR PERSON,Wheelchair Person,RELATIONSHIPS,dynamic,unknown,14,True,60.0,243,4.05
068_015,c:\Projects\signia-fsl-recognition\dynamic_raw\68\4.MOV,68,WHEELCHAIR PERSON,Wheelchair Person,RELATIONSHIPS,dynamic,unknown,15,True,60.0,243,4.05
068_016,c:\Projects\signia-fsl-recognition\dynamic_raw\68\5.MOV,68,WHEELCHAIR PERSON,Wheelchair Person,RELATIONSHIPS,dynamic,unknown,16,True,60.0,243,4.05
068_017,c:\Projects\signia-fsl-recognition\dynamic_raw\68\6.MOV,68,WHEELCHAIR PERSON,Wheelchair Person,RELATIONSHIPS,dynamic,unknown,17,True,60.0,243,4.05
068_018,c:\Projects\signia-fsl-recognition\dynamic_raw\68\7.MOV,68,WHEELCHAIR PERSON,Wheelchair Person,RELATIONSHIPS,dynamic,unknown,18,True,60.0,243,4.05
068_019,c:\Projects\signia-fsl-recognition\dynamic_raw\68\8.MOV,68,WHEELCHAIR PERSON,Wheelchair Person,RELATIONSHIPS,dynamic,unknown,19,True,60.0,243,4.05
068_020,c:\Projects\signia-fsl-recognition\dynamic_raw\68\9.MOV,68,WHEELCHAIR PERSON,Wheelchair Person,RELATIONSHIPS,dynamic,unknown,20,True,60.0,243,4.05
069_001,c:\Projects\signia-fsl-recognition\dynamic_raw\69\0.MOV,69,BLIND,Blind,RELATIONSHIPS,dynamic,unknown,1,True,60.0,243,4.05
069_002,c:\Projects\signia-fsl-recognition\dynamic_raw\69\1.MOV,69,BLIND,Blind,RELATIONSHIPS,dynamic,unknown,2,True,60.0,243,4.05
069_003,c:\Projects\signia-fsl-recognition\dynamic_raw\69\10.MOV,69,BLIND,Blind,RELATIONSHIPS,dynamic,unknown,3,True,60.0,243,4.05
069_004,c:\Projects\signia-fsl-recognition\dynamic_raw\69\11.MOV,69,BLIND,Blind,RELATIONSHIPS,dynamic,unknown,4,True,60.0,243,4.05
069_005,c:\Projects\signia-fsl-recognition\dynamic_raw\69\12.MOV,69,BLIND,Blind,RELATIONSHIPS,dynamic,unknown,5,True,60.0,243,4.05
069_006,c:\Projects\signia-fsl-recognition\dynamic_raw\69\13.MOV,69,BLIND,Blind,RELATIONSHIPS,dynamic,unknown,6,True,60.0,243,4.05
069_007,c:\Projects\signia-fsl-recognition\dynamic_raw\69\14.MOV,69,BLIND,Blind,RELATIONSHIPS,dynamic,unknown,7,True,60.0,243,4.05
069_008,c:\Projects\signia-fsl-recognition\dynamic_raw\69\15.MOV,69,BLIND,Blind,RELATIONSHIPS,dynamic,unknown,8,True,60.0,243,4.05
069_009,c:\Projects\signia-fsl-recognition\dynamic_raw\69\16.MOV,69,BLIND,Blind,RELATIONSHIPS,dynamic,unknown,9,True,60.0,243,4.05
069_010,c:\Projects\signia-fsl-recognition\dynamic_raw\69\17.MOV,69,BLIND,Blind,RELATIONSHIPS,dynamic,unknown,10,True,60.0,243,4.05
069_011,c:\Projects\signia-fsl-recognition\dynamic_raw\69\18.MOV,69,BLIND,Blind,RELATIONSHIPS,dynamic,unknown,11,True,60.0,243,4.05
069_012,c:\Projects\signia-fsl-recognition\dynamic_raw\69\19.MOV,69,BLIND,Blind,RELATIONSHIPS,dynamic,unknown,12,True,60.0,243,4.05
069_013,c:\Projects\signia-fsl-recognition\dynamic_raw\69\2.MOV,69,BLIND,Blind,RELATIONSHIPS,dynamic,unknown,13,True,60.0,243,4.05
069_014,c:\Projects\signia-fsl-recognition\dynamic_raw\69\3.MOV,69,BLIND,Blind,RELATIONSHIPS,dynamic,unknown,14,True,60.0,243,4.05
069_015,c:\Projects\signia-fsl-recognition\dynamic_raw\69\4.MOV,69,BLIND,Blind,RELATIONSHIPS,dynamic,unknown,15,True,60.0,243,4.05
069_016,c:\Projects\signia-fsl-recognition\dynamic_raw\69\5.MOV,69,BLIND,Blind,RELATIONSHIPS,dynamic,unknown,16,True,60.0,243,4.05
069_017,c:\Projects\signia-fsl-recognition\dynamic_raw\69\6.MOV,69,BLIND,Blind,RELATIONSHIPS,dynamic,unknown,17,True,60.0,243,4.05
069_018,c:\Projects\signia-fsl-recognition\dynamic_raw\69\7.MOV,69,BLIND,Blind,RELATIONSHIPS,dynamic,unknown,18,True,60.0,243,4.05
069_019,c:\Projects\signia-fsl-recognition\dynamic_raw\69\8.MOV,69,BLIND,Blind,RELATIONSHIPS,dynamic,unknown,19,True,60.0,243,4.05
069_020,c:\Projects\signia-fsl-recognition\dynamic_raw\69\9.MOV,69,BLIND,Blind,RELATIONSHIPS,dynamic,unknown,20,True,60.0,243,4.05
070_001,c:\Projects\signia-fsl-recognition\dynamic_raw\70\0.MOV,70,DEAF BLIND,Deaf Blind,RELATIONSHIPS,dynamic,unknown,1,True,60.0,243,4.05
070_002,c:\Projects\signia-fsl-recognition\dynamic_raw\70\1.MOV,70,DEAF BLIND,Deaf Blind,RELATIONSHIPS,dynamic,unknown,2,True,60.0,243,4.05
070_003,c:\Projects\signia-fsl-recognition\dynamic_raw\70\10.MOV,70,DEAF BLIND,Deaf Blind,RELATIONSHIPS,dynamic,unknown,3,True,60.0,243,4.05
070_004,c:\Projects\signia-fsl-recognition\dynamic_raw\70\11.MOV,70,DEAF BLIND,Deaf Blind,RELATIONSHIPS,dynamic,unknown,4,True,60.0,243,4.05
070_005,c:\Projects\signia-fsl-recognition\dynamic_raw\70\12.MOV,70,DEAF BLIND,Deaf Blind,RELATIONSHIPS,dynamic,unknown,5,True,60.0,243,4.05
070_006,c:\Projects\signia-fsl-recognition\dynamic_raw\70\13.MOV,70,DEAF BLIND,Deaf Blind,RELATIONSHIPS,dynamic,unknown,6,True,60.0,243,4.05
070_007,c:\Projects\signia-fsl-recognition\dynamic_raw\70\14.MOV,70,DEAF BLIND,Deaf Blind,RELATIONSHIPS,dynamic,unknown,7,True,60.0,243,4.05
070_008,c:\Projects\signia-fsl-recognition\dynamic_raw\70\15.MOV,70,DEAF BLIND,Deaf Blind,RELATIONSHIPS,dynamic,unknown,8,True,60.0,243,4.05
070_009,c:\Projects\signia-fsl-recognition\dynamic_raw\70\16.MOV,70,DEAF BLIND,Deaf Blind,RELATIONSHIPS,dynamic,unknown,9,True,60.0,243,4.05
070_010,c:\Projects\signia-fsl-recognition\dynamic_raw\70\17.MOV,70,DEAF BLIND,Deaf Blind,RELATIONSHIPS,dynamic,unknown,10,True,60.0,243,4.05
070_011,c:\Projects\signia-fsl-recognition\dynamic_raw\70\18.MOV,70,DEAF BLIND,Deaf Blind,RELATIONSHIPS,dynamic,unknown,11,True,60.0,243,4.05
070_012,c:\Projects\signia-fsl-recognition\dynamic_raw\70\19.MOV,70,DEAF BLIND,Deaf Blind,RELATIONSHIPS,dynamic,unknown,12,True,60.0,243,4.05
070_013,c:\Projects\signia-fsl-recognition\dynamic_raw\70\2.MOV,70,DEAF BLIND,Deaf Blind,RELATIONSHIPS,dynamic,unknown,13,True,60.0,243,4.05
070_014,c:\Projects\signia-fsl-recognition\dynamic_raw\70\3.MOV,70,DEAF BLIND,Deaf Blind,RELATIONSHIPS,dynamic,unknown,14,True,60.0,243,4.05
070_015,c:\Projects\signia-fsl-recognition\dynamic_raw\70\4.MOV,70,DEAF BLIND,Deaf Blind,RELATIONSHIPS,dynamic,unknown,15,True,60.0,243,4.05
070_016,c:\Projects\signia-fsl-recognition\dynamic_raw\70\5.MOV,70,DEAF BLIND,Deaf Blind,RELATIONSHIPS,dynamic,unknown,16,True,60.0,243,4.05
070_017,c:\Projects\signia-fsl-recognition\dynamic_raw\70\6.MOV,70,DEAF BLIND,Deaf Blind,RELATIONSHIPS,dynamic,unknown,17,True,60.0,243,4.05
070_018,c:\Projects\signia-fsl-recognition\dynamic_raw\70\7.MOV,70,DEAF BLIND,Deaf Blind,RELATIONSHIPS,dynamic,unknown,18,True,60.0,243,4.05
070_019,c:\Projects\signia-fsl-recognition\dynamic_raw\70\8.MOV,70,DEAF BLIND,Deaf Blind,RELATIONSHIPS,dynamic,unknown,19,True,60.0,243,4.05
070_020,c:\Projects\signia-fsl-recognition\dynamic_raw\70\9.MOV,70,DEAF BLIND,Deaf Blind,RELATIONSHIPS,dynamic,unknown,20,True,60.0,243,4.05
071_001,c:\Projects\signia-fsl-recognition\dynamic_raw\71\0.MOV,71,MARRIED,Married,RELATIONSHIPS,dynamic,unknown,1,True,60.0,243,4.05
071_002,c:\Projects\signia-fsl-recognition\dynamic_raw\71\1.MOV,71,MARRIED,Married,RELATIONSHIPS,dynamic,unknown,2,True,60.0,243,4.05
071_003,c:\Projects\signia-fsl-recognition\dynamic_raw\71\10.MOV,71,MARRIED,Married,RELATIONSHIPS,dynamic,unknown,3,True,60.0,243,4.05
071_004,c:\Projects\signia-fsl-recognition\dynamic_raw\71\11.MOV,71,MARRIED,Married,RELATIONSHIPS,dynamic,unknown,4,True,60.0,243,4.05
071_005,c:\Projects\signia-fsl-recognition\dynamic_raw\71\12.MOV,71,MARRIED,Married,RELATIONSHIPS,dynamic,unknown,5,True,60.0,243,4.05
071_006,c:\Projects\signia-fsl-recognition\dynamic_raw\71\13.MOV,71,MARRIED,Married,RELATIONSHIPS,dynamic,unknown,6,True,60.0,243,4.05
071_007,c:\Projects\signia-fsl-recognition\dynamic_raw\71\14.MOV,71,MARRIED,Married,RELATIONSHIPS,dynamic,unknown,7,True,60.0,243,4.05
071_008,c:\Projects\signia-fsl-recognition\dynamic_raw\71\15.MOV,71,MARRIED,Married,RELATIONSHIPS,dynamic,unknown,8,True,60.0,243,4.05
071_009,c:\Projects\signia-fsl-recognition\dynamic_raw\71\16.MOV,71,MARRIED,Married,RELATIONSHIPS,dynamic,unknown,9,True,60.0,243,4.05
071_010,c:\Projects\signia-fsl-recognition\dynamic_raw\71\17.MOV,71,MARRIED,Married,RELATIONSHIPS,dynamic,unknown,10,True,60.0,243,4.05
071_011,c:\Projects\signia-fsl-recognition\dynamic_raw\71\18.MOV,71,MARRIED,Married,RELATIONSHIPS,dynamic,unknown,11,True,60.0,243,4.05
071_012,c:\Projects\signia-fsl-recognition\dynamic_raw\71\19.MOV,71,MARRIED,Married,RELATIONSHIPS,dynamic,unknown,12,True,60.0,243,4.05
071_013,c:\Projects\signia-fsl-recognition\dynamic_raw\71\2.MOV,71,MARRIED,Married,RELATIONSHIPS,dynamic,unknown,13,True,60.0,243,4.05
071_014,c:\Projects\signia-fsl-recognition\dynamic_raw\71\3.MOV,71,MARRIED,Married,RELATIONSHIPS,dynamic,unknown,14,True,60.0,243,4.05
071_015,c:\Projects\signia-fsl-recognition\dynamic_raw\71\4.MOV,71,MARRIED,Married,RELATIONSHIPS,dynamic,unknown,15,True,60.0,243,4.05
071_016,c:\Projects\signia-fsl-recognition\dynamic_raw\71\5.MOV,71,MARRIED,Married,RELATIONSHIPS,dynamic,unknown,16,True,60.0,243,4.05
071_017,c:\Projects\signia-fsl-recognition\dynamic_raw\71\6.MOV,71,MARRIED,Married,RELATIONSHIPS,dynamic,unknown,17,True,60.0,243,4.05
071_018,c:\Projects\signia-fsl-recognition\dynamic_raw\71\7.MOV,71,MARRIED,Married,RELATIONSHIPS,dynamic,unknown,18,True,60.0,243,4.05
071_019,c:\Projects\signia-fsl-recognition\dynamic_raw\71\8.MOV,71,MARRIED,Married,RELATIONSHIPS,dynamic,unknown,19,True,60.0,243,4.05
071_020,c:\Projects\signia-fsl-recognition\dynamic_raw\71\9.MOV,71,MARRIED,Married,RELATIONSHIPS,dynamic,unknown,20,True,60.0,243,4.05
072_001,c:\Projects\signia-fsl-recognition\dynamic_raw\72\0.MOV,72,BLUE,Blue,COLOR,dynamic,unknown,1,True,60.0,245,4.083333333333333
072_002,c:\Projects\signia-fsl-recognition\dynamic_raw\72\1.MOV,72,BLUE,Blue,COLOR,dynamic,unknown,2,True,60.0,245,4.083333333333333
072_003,c:\Projects\signia-fsl-recognition\dynamic_raw\72\10.MOV,72,BLUE,Blue,COLOR,dynamic,unknown,3,True,60.0,245,4.083333333333333
072_004,c:\Projects\signia-fsl-recognition\dynamic_raw\72\11.MOV,72,BLUE,Blue,COLOR,dynamic,unknown,4,True,60.0,245,4.083333333333333
072_005,c:\Projects\signia-fsl-recognition\dynamic_raw\72\12.MOV,72,BLUE,Blue,COLOR,dynamic,unknown,5,True,60.0,244,4.066666666666666
072_006,c:\Projects\signia-fsl-recognition\dynamic_raw\72\13.MOV,72,BLUE,Blue,COLOR,dynamic,unknown,6,True,60.0,244,4.066666666666666
072_007,c:\Projects\signia-fsl-recognition\dynamic_raw\72\14.MOV,72,BLUE,Blue,COLOR,dynamic,unknown,7,True,60.0,244,4.066666666666666
072_008,c:\Projects\signia-fsl-recognition\dynamic_raw\72\15.MOV,72,BLUE,Blue,COLOR,dynamic,unknown,8,True,60.0,245,4.083333333333333
072_009,c:\Projects\signia-fsl-recognition\dynamic_raw\72\16.MOV,72,BLUE,Blue,COLOR,dynamic,unknown,9,True,60.0,245,4.083333333333333
072_010,c:\Projects\signia-fsl-recognition\dynamic_raw\72\17.MOV,72,BLUE,Blue,COLOR,dynamic,unknown,10,True,60.0,244,4.066666666666666
072_011,c:\Projects\signia-fsl-recognition\dynamic_raw\72\18.MOV,72,BLUE,Blue,COLOR,dynamic,unknown,11,True,60.0,244,4.066666666666666
072_012,c:\Projects\signia-fsl-recognition\dynamic_raw\72\19.MOV,72,BLUE,Blue,COLOR,dynamic,unknown,12,True,60.0,244,4.066666666666666
072_013,c:\Projects\signia-fsl-recognition\dynamic_raw\72\2.MOV,72,BLUE,Blue,COLOR,dynamic,unknown,13,True,60.0,244,4.066666666666666
072_014,c:\Projects\signia-fsl-recognition\dynamic_raw\72\3.MOV,72,BLUE,Blue,COLOR,dynamic,unknown,14,True,60.0,244,4.066666666666666
072_015,c:\Projects\signia-fsl-recognition\dynamic_raw\72\4.MOV,72,BLUE,Blue,COLOR,dynamic,unknown,15,True,60.0,244,4.066666666666666
072_016,c:\Projects\signia-fsl-recognition\dynamic_raw\72\5.MOV,72,BLUE,Blue,COLOR,dynamic,unknown,16,True,60.0,244,4.066666666666666
072_017,c:\Projects\signia-fsl-recognition\dynamic_raw\72\6.MOV,72,BLUE,Blue,COLOR,dynamic,unknown,17,True,60.0,244,4.066666666666666
072_018,c:\Projects\signia-fsl-recognition\dynamic_raw\72\7.MOV,72,BLUE,Blue,COLOR,dynamic,unknown,18,True,60.0,244,4.066666666666666
072_019,c:\Projects\signia-fsl-recognition\dynamic_raw\72\8.MOV,72,BLUE,Blue,COLOR,dynamic,unknown,19,True,60.0,244,4.066666666666666
072_020,c:\Projects\signia-fsl-recognition\dynamic_raw\72\9.MOV,72,BLUE,Blue,COLOR,dynamic,unknown,20,True,60.0,244,4.066666666666666
073_001,c:\Projects\signia-fsl-recognition\dynamic_raw\73\0.MOV,73,GREEN,Green,COLOR,dynamic,unknown,1,True,60.0,244,4.066666666666666
073_002,c:\Projects\signia-fsl-recognition\dynamic_raw\73\1.MOV,73,GREEN,Green,COLOR,dynamic,unknown,2,True,60.0,244,4.066666666666666
073_003,c:\Projects\signia-fsl-recognition\dynamic_raw\73\10.MOV,73,GREEN,Green,COLOR,dynamic,unknown,3,True,60.0,244,4.066666666666666
073_004,c:\Projects\signia-fsl-recognition\dynamic_raw\73\11.MOV,73,GREEN,Green,COLOR,dynamic,unknown,4,True,60.0,244,4.066666666666666
073_005,c:\Projects\signia-fsl-recognition\dynamic_raw\73\12.MOV,73,GREEN,Green,COLOR,dynamic,unknown,5,True,60.0,244,4.066666666666666
073_006,c:\Projects\signia-fsl-recognition\dynamic_raw\73\13.MOV,73,GREEN,Green,COLOR,dynamic,unknown,6,True,60.0,244,4.066666666666666
073_007,c:\Projects\signia-fsl-recognition\dynamic_raw\73\14.MOV,73,GREEN,Green,COLOR,dynamic,unknown,7,True,60.0,244,4.066666666666666
073_008,c:\Projects\signia-fsl-recognition\dynamic_raw\73\15.MOV,73,GREEN,Green,COLOR,dynamic,unknown,8,True,60.0,244,4.066666666666666
073_009,c:\Projects\signia-fsl-recognition\dynamic_raw\73\16.MOV,73,GREEN,Green,COLOR,dynamic,unknown,9,True,60.0,244,4.066666666666666
073_010,c:\Projects\signia-fsl-recognition\dynamic_raw\73\17.MOV,73,GREEN,Green,COLOR,dynamic,unknown,10,True,60.0,244,4.066666666666666
073_011,c:\Projects\signia-fsl-recognition\dynamic_raw\73\18.MOV,73,GREEN,Green,COLOR,dynamic,unknown,11,True,60.0,244,4.066666666666666
073_012,c:\Projects\signia-fsl-recognition\dynamic_raw\73\19.MOV,73,GREEN,Green,COLOR,dynamic,unknown,12,True,60.0,244,4.066666666666666
073_013,c:\Projects\signia-fsl-recognition\dynamic_raw\73\2.MOV,73,GREEN,Green,COLOR,dynamic,unknown,13,True,60.0,244,4.066666666666666
073_014,c:\Projects\signia-fsl-recognition\dynamic_raw\73\20.MOV,73,GREEN,Green,COLOR,dynamic,unknown,14,True,60.0,244,4.066666666666666
073_015,c:\Projects\signia-fsl-recognition\dynamic_raw\73\3.MOV,73,GREEN,Green,COLOR,dynamic,unknown,15,True,60.0,244,4.066666666666666
073_016,c:\Projects\signia-fsl-recognition\dynamic_raw\73\4.MOV,73,GREEN,Green,COLOR,dynamic,unknown,16,True,60.0,244,4.066666666666666
073_017,c:\Projects\signia-fsl-recognition\dynamic_raw\73\5.MOV,73,GREEN,Green,COLOR,dynamic,unknown,17,True,60.0,244,4.066666666666666
073_018,c:\Projects\signia-fsl-recognition\dynamic_raw\73\6.MOV,73,GREEN,Green,COLOR,dynamic,unknown,18,True,60.0,244,4.066666666666666
073_019,c:\Projects\signia-fsl-recognition\dynamic_raw\73\7.MOV,73,GREEN,Green,COLOR,dynamic,unknown,19,True,60.0,244,4.066666666666666
073_020,c:\Projects\signia-fsl-recognition\dynamic_raw\73\8.MOV,73,GREEN,Green,COLOR,dynamic,unknown,20,True,60.0,244,4.066666666666666
073_021,c:\Projects\signia-fsl-recognition\dynamic_raw\73\9.MOV,73,GREEN,Green,COLOR,dynamic,unknown,21,True,60.0,244,4.066666666666666
074_001,c:\Projects\signia-fsl-recognition\dynamic_raw\74\0.MOV,74,RED,Red,COLOR,dynamic,unknown,1,True,60.0,244,4.066666666666666
074_002,c:\Projects\signia-fsl-recognition\dynamic_raw\74\1.MOV,74,RED,Red,COLOR,dynamic,unknown,2,True,60.0,244,4.066666666666666
074_003,c:\Projects\signia-fsl-recognition\dynamic_raw\74\10.MOV,74,RED,Red,COLOR,dynamic,unknown,3,True,60.0,244,4.066666666666666
074_004,c:\Projects\signia-fsl-recognition\dynamic_raw\74\11.MOV,74,RED,Red,COLOR,dynamic,unknown,4,True,60.0,244,4.066666666666666
074_005,c:\Projects\signia-fsl-recognition\dynamic_raw\74\12.MOV,74,RED,Red,COLOR,dynamic,unknown,5,True,60.0,244,4.066666666666666
074_006,c:\Projects\signia-fsl-recognition\dynamic_raw\74\13.MOV,74,RED,Red,COLOR,dynamic,unknown,6,True,60.0,244,4.066666666666666
074_007,c:\Projects\signia-fsl-recognition\dynamic_raw\74\14.MOV,74,RED,Red,COLOR,dynamic,unknown,7,True,60.0,244,4.066666666666666
074_008,c:\Projects\signia-fsl-recognition\dynamic_raw\74\15.MOV,74,RED,Red,COLOR,dynamic,unknown,8,True,60.0,244,4.066666666666666
074_009,c:\Projects\signia-fsl-recognition\dynamic_raw\74\16.MOV,74,RED,Red,COLOR,dynamic,unknown,9,True,60.0,244,4.066666666666666
074_010,c:\Projects\signia-fsl-recognition\dynamic_raw\74\17.MOV,74,RED,Red,COLOR,dynamic,unknown,10,True,60.0,244,4.066666666666666
074_011,c:\Projects\signia-fsl-recognition\dynamic_raw\74\18.MOV,74,RED,Red,COLOR,dynamic,unknown,11,True,60.0,244,4.066666666666666
074_012,c:\Projects\signia-fsl-recognition\dynamic_raw\74\19.MOV,74,RED,Red,COLOR,dynamic,unknown,12,True,60.0,244,4.066666666666666
074_013,c:\Projects\signia-fsl-recognition\dynamic_raw\74\2.MOV,74,RED,Red,COLOR,dynamic,unknown,13,True,60.0,244,4.066666666666666
074_014,c:\Projects\signia-fsl-recognition\dynamic_raw\74\3.MOV,74,RED,Red,COLOR,dynamic,unknown,14,True,60.0,244,4.066666666666666
074_015,c:\Projects\signia-fsl-recognition\dynamic_raw\74\4.MOV,74,RED,Red,COLOR,dynamic,unknown,15,True,60.0,244,4.066666666666666
074_016,c:\Projects\signia-fsl-recognition\dynamic_raw\74\5.MOV,74,RED,Red,COLOR,dynamic,unknown,16,True,60.0,244,4.066666666666666
074_017,c:\Projects\signia-fsl-recognition\dynamic_raw\74\6.MOV,74,RED,Red,COLOR,dynamic,unknown,17,True,60.0,244,4.066666666666666
074_018,c:\Projects\signia-fsl-recognition\dynamic_raw\74\7.MOV,74,RED,Red,COLOR,dynamic,unknown,18,True,60.0,244,4.066666666666666
074_019,c:\Projects\signia-fsl-recognition\dynamic_raw\74\8.MOV,74,RED,Red,COLOR,dynamic,unknown,19,True,60.0,244,4.066666666666666
074_020,c:\Projects\signia-fsl-recognition\dynamic_raw\74\9.MOV,74,RED,Red,COLOR,dynamic,unknown,20,True,60.0,244,4.066666666666666
075_001,c:\Projects\signia-fsl-recognition\dynamic_raw\75\0.MOV,75,BROWN,Brown,COLOR,dynamic,unknown,1,True,60.0,244,4.066666666666666
075_002,c:\Projects\signia-fsl-recognition\dynamic_raw\75\1.MOV,75,BROWN,Brown,COLOR,dynamic,unknown,2,True,60.0,244,4.066666666666666
075_003,c:\Projects\signia-fsl-recognition\dynamic_raw\75\10.MOV,75,BROWN,Brown,COLOR,dynamic,unknown,3,True,60.0,244,4.066666666666666
075_004,c:\Projects\signia-fsl-recognition\dynamic_raw\75\11.MOV,75,BROWN,Brown,COLOR,dynamic,unknown,4,True,60.0,244,4.066666666666666
075_005,c:\Projects\signia-fsl-recognition\dynamic_raw\75\12.MOV,75,BROWN,Brown,COLOR,dynamic,unknown,5,True,60.0,244,4.066666666666666
075_006,c:\Projects\signia-fsl-recognition\dynamic_raw\75\13.MOV,75,BROWN,Brown,COLOR,dynamic,unknown,6,True,60.0,244,4.066666666666666
075_007,c:\Projects\signia-fsl-recognition\dynamic_raw\75\14.MOV,75,BROWN,Brown,COLOR,dynamic,unknown,7,True,60.0,244,4.066666666666666
075_008,c:\Projects\signia-fsl-recognition\dynamic_raw\75\15.MOV,75,BROWN,Brown,COLOR,dynamic,unknown,8,True,60.0,244,4.066666666666666
075_009,c:\Projects\signia-fsl-recognition\dynamic_raw\75\16.MOV,75,BROWN,Brown,COLOR,dynamic,unknown,9,True,60.0,244,4.066666666666666
075_010,c:\Projects\signia-fsl-recognition\dynamic_raw\75\17.MOV,75,BROWN,Brown,COLOR,dynamic,unknown,10,True,60.0,244,4.066666666666666
075_011,c:\Projects\signia-fsl-recognition\dynamic_raw\75\18.MOV,75,BROWN,Brown,COLOR,dynamic,unknown,11,True,60.0,244,4.066666666666666
075_012,c:\Projects\signia-fsl-recognition\dynamic_raw\75\19.MOV,75,BROWN,Brown,COLOR,dynamic,unknown,12,True,60.0,244,4.066666666666666
075_013,c:\Projects\signia-fsl-recognition\dynamic_raw\75\2.MOV,75,BROWN,Brown,COLOR,dynamic,unknown,13,True,60.0,244,4.066666666666666
075_014,c:\Projects\signia-fsl-recognition\dynamic_raw\75\3.MOV,75,BROWN,Brown,COLOR,dynamic,unknown,14,True,60.0,244,4.066666666666666
075_015,c:\Projects\signia-fsl-recognition\dynamic_raw\75\4.MOV,75,BROWN,Brown,COLOR,dynamic,unknown,15,True,60.0,244,4.066666666666666
075_016,c:\Projects\signia-fsl-recognition\dynamic_raw\75\5.MOV,75,BROWN,Brown,COLOR,dynamic,unknown,16,True,60.0,244,4.066666666666666
075_017,c:\Projects\signia-fsl-recognition\dynamic_raw\75\6.MOV,75,BROWN,Brown,COLOR,dynamic,unknown,17,True,60.0,244,4.066666666666666
075_018,c:\Projects\signia-fsl-recognition\dynamic_raw\75\7.MOV,75,BROWN,Brown,COLOR,dynamic,unknown,18,True,60.0,244,4.066666666666666
075_019,c:\Projects\signia-fsl-recognition\dynamic_raw\75\8.MOV,75,BROWN,Brown,COLOR,dynamic,unknown,19,True,60.0,244,4.066666666666666
075_020,c:\Projects\signia-fsl-recognition\dynamic_raw\75\9.MOV,75,BROWN,Brown,COLOR,dynamic,unknown,20,True,60.0,244,4.066666666666666
076_001,c:\Projects\signia-fsl-recognition\dynamic_raw\76\0.MOV,76,BLACK,Black,COLOR,dynamic,unknown,1,True,60.0,244,4.066666666666666
076_002,c:\Projects\signia-fsl-recognition\dynamic_raw\76\1.MOV,76,BLACK,Black,COLOR,dynamic,unknown,2,True,60.0,244,4.066666666666666
076_003,c:\Projects\signia-fsl-recognition\dynamic_raw\76\10.MOV,76,BLACK,Black,COLOR,dynamic,unknown,3,True,60.0,244,4.066666666666666
076_004,c:\Projects\signia-fsl-recognition\dynamic_raw\76\11.MOV,76,BLACK,Black,COLOR,dynamic,unknown,4,True,60.0,244,4.066666666666666
076_005,c:\Projects\signia-fsl-recognition\dynamic_raw\76\12.MOV,76,BLACK,Black,COLOR,dynamic,unknown,5,True,60.0,244,4.066666666666666
076_006,c:\Projects\signia-fsl-recognition\dynamic_raw\76\13.MOV,76,BLACK,Black,COLOR,dynamic,unknown,6,True,60.0,244,4.066666666666666
076_007,c:\Projects\signia-fsl-recognition\dynamic_raw\76\14.MOV,76,BLACK,Black,COLOR,dynamic,unknown,7,True,60.0,244,4.066666666666666
076_008,c:\Projects\signia-fsl-recognition\dynamic_raw\76\15.MOV,76,BLACK,Black,COLOR,dynamic,unknown,8,True,60.0,244,4.066666666666666
076_009,c:\Projects\signia-fsl-recognition\dynamic_raw\76\16.MOV,76,BLACK,Black,COLOR,dynamic,unknown,9,True,60.0,244,4.066666666666666
076_010,c:\Projects\signia-fsl-recognition\dynamic_raw\76\17.MOV,76,BLACK,Black,COLOR,dynamic,unknown,10,True,60.0,244,4.066666666666666
076_011,c:\Projects\signia-fsl-recognition\dynamic_raw\76\18.MOV,76,BLACK,Black,COLOR,dynamic,unknown,11,True,60.0,244,4.066666666666666
076_012,c:\Projects\signia-fsl-recognition\dynamic_raw\76\19.MOV,76,BLACK,Black,COLOR,dynamic,unknown,12,True,60.0,244,4.066666666666666
076_013,c:\Projects\signia-fsl-recognition\dynamic_raw\76\2.MOV,76,BLACK,Black,COLOR,dynamic,unknown,13,True,60.0,244,4.066666666666666
076_014,c:\Projects\signia-fsl-recognition\dynamic_raw\76\3.MOV,76,BLACK,Black,COLOR,dynamic,unknown,14,True,60.0,244,4.066666666666666
076_015,c:\Projects\signia-fsl-recognition\dynamic_raw\76\4.MOV,76,BLACK,Black,COLOR,dynamic,unknown,15,True,60.0,244,4.066666666666666
076_016,c:\Projects\signia-fsl-recognition\dynamic_raw\76\5.MOV,76,BLACK,Black,COLOR,dynamic,unknown,16,True,60.0,244,4.066666666666666
076_017,c:\Projects\signia-fsl-recognition\dynamic_raw\76\6.MOV,76,BLACK,Black,COLOR,dynamic,unknown,17,True,60.0,244,4.066666666666666
076_018,c:\Projects\signia-fsl-recognition\dynamic_raw\76\7.MOV,76,BLACK,Black,COLOR,dynamic,unknown,18,True,60.0,244,4.066666666666666
076_019,c:\Projects\signia-fsl-recognition\dynamic_raw\76\8.MOV,76,BLACK,Black,COLOR,dynamic,unknown,19,True,60.0,244,4.066666666666666
076_020,c:\Projects\signia-fsl-recognition\dynamic_raw\76\9.MOV,76,BLACK,Black,COLOR,dynamic,unknown,20,True,60.0,244,4.066666666666666
077_001,c:\Projects\signia-fsl-recognition\dynamic_raw\77\0.MOV,77,WHITE,White,COLOR,dynamic,unknown,1,True,60.0,244,4.066666666666666
077_002,c:\Projects\signia-fsl-recognition\dynamic_raw\77\1.MOV,77,WHITE,White,COLOR,dynamic,unknown,2,True,60.0,244,4.066666666666666
077_003,c:\Projects\signia-fsl-recognition\dynamic_raw\77\10.MOV,77,WHITE,White,COLOR,dynamic,unknown,3,True,60.0,244,4.066666666666666
077_004,c:\Projects\signia-fsl-recognition\dynamic_raw\77\11.MOV,77,WHITE,White,COLOR,dynamic,unknown,4,True,60.0,244,4.066666666666666
077_005,c:\Projects\signia-fsl-recognition\dynamic_raw\77\12.MOV,77,WHITE,White,COLOR,dynamic,unknown,5,True,60.0,244,4.066666666666666
077_006,c:\Projects\signia-fsl-recognition\dynamic_raw\77\13.MOV,77,WHITE,White,COLOR,dynamic,unknown,6,True,60.0,244,4.066666666666666
077_007,c:\Projects\signia-fsl-recognition\dynamic_raw\77\14.MOV,77,WHITE,White,COLOR,dynamic,unknown,7,True,60.0,244,4.066666666666666
077_008,c:\Projects\signia-fsl-recognition\dynamic_raw\77\15.MOV,77,WHITE,White,COLOR,dynamic,unknown,8,True,60.0,244,4.066666666666666
077_009,c:\Projects\signia-fsl-recognition\dynamic_raw\77\16.MOV,77,WHITE,White,COLOR,dynamic,unknown,9,True,60.0,244,4.066666666666666
077_010,c:\Projects\signia-fsl-recognition\dynamic_raw\77\17.MOV,77,WHITE,White,COLOR,dynamic,unknown,10,True,60.0,244,4.066666666666666
077_011,c:\Projects\signia-fsl-recognition\dynamic_raw\77\18.MOV,77,WHITE,White,COLOR,dynamic,unknown,11,True,60.0,244,4.066666666666666
077_012,c:\Projects\signia-fsl-recognition\dynamic_raw\77\19.MOV,77,WHITE,White,COLOR,dynamic,unknown,12,True,60.0,244,4.066666666666666
077_013,c:\Projects\signia-fsl-recognition\dynamic_raw\77\2.MOV,77,WHITE,White,COLOR,dynamic,unknown,13,True,60.0,244,4.066666666666666
077_014,c:\Projects\signia-fsl-recognition\dynamic_raw\77\3.MOV,77,WHITE,White,COLOR,dynamic,unknown,14,True,60.0,244,4.066666666666666
077_015,c:\Projects\signia-fsl-recognition\dynamic_raw\77\4.MOV,77,WHITE,White,COLOR,dynamic,unknown,15,True,60.0,244,4.066666666666666
077_016,c:\Projects\signia-fsl-recognition\dynamic_raw\77\5.MOV,77,WHITE,White,COLOR,dynamic,unknown,16,True,60.0,244,4.066666666666666
077_017,c:\Projects\signia-fsl-recognition\dynamic_raw\77\6.MOV,77,WHITE,White,COLOR,dynamic,unknown,17,True,60.0,244,4.066666666666666
077_018,c:\Projects\signia-fsl-recognition\dynamic_raw\77\7.MOV,77,WHITE,White,COLOR,dynamic,unknown,18,True,60.0,244,4.066666666666666
077_019,c:\Projects\signia-fsl-recognition\dynamic_raw\77\8.MOV,77,WHITE,White,COLOR,dynamic,unknown,19,True,60.0,244,4.066666666666666
077_020,c:\Projects\signia-fsl-recognition\dynamic_raw\77\9.MOV,77,WHITE,White,COLOR,dynamic,unknown,20,True,60.0,244,4.066666666666666
078_001,c:\Projects\signia-fsl-recognition\dynamic_raw\78\0.MOV,78,YELLOW,Yellow,COLOR,dynamic,unknown,1,True,60.0,244,4.066666666666666
078_002,c:\Projects\signia-fsl-recognition\dynamic_raw\78\1.MOV,78,YELLOW,Yellow,COLOR,dynamic,unknown,2,True,60.0,244,4.066666666666666
078_003,c:\Projects\signia-fsl-recognition\dynamic_raw\78\10.MOV,78,YELLOW,Yellow,COLOR,dynamic,unknown,3,True,60.0,244,4.066666666666666
078_004,c:\Projects\signia-fsl-recognition\dynamic_raw\78\11.MOV,78,YELLOW,Yellow,COLOR,dynamic,unknown,4,True,60.0,244,4.066666666666666
078_005,c:\Projects\signia-fsl-recognition\dynamic_raw\78\12.MOV,78,YELLOW,Yellow,COLOR,dynamic,unknown,5,True,60.0,244,4.066666666666666
078_006,c:\Projects\signia-fsl-recognition\dynamic_raw\78\13.MOV,78,YELLOW,Yellow,COLOR,dynamic,unknown,6,True,60.0,244,4.066666666666666
078_007,c:\Projects\signia-fsl-recognition\dynamic_raw\78\14.MOV,78,YELLOW,Yellow,COLOR,dynamic,unknown,7,True,60.0,244,4.066666666666666
078_008,c:\Projects\signia-fsl-recognition\dynamic_raw\78\15.MOV,78,YELLOW,Yellow,COLOR,dynamic,unknown,8,True,60.0,244,4.066666666666666
078_009,c:\Projects\signia-fsl-recognition\dynamic_raw\78\16.MOV,78,YELLOW,Yellow,COLOR,dynamic,unknown,9,True,60.0,244,4.066666666666666
078_010,c:\Projects\signia-fsl-recognition\dynamic_raw\78\17.MOV,78,YELLOW,Yellow,COLOR,dynamic,unknown,10,True,60.0,244,4.066666666666666
078_011,c:\Projects\signia-fsl-recognition\dynamic_raw\78\18.MOV,78,YELLOW,Yellow,COLOR,dynamic,unknown,11,True,60.0,244,4.066666666666666
078_012,c:\Projects\signia-fsl-recognition\dynamic_raw\78\19.MOV,78,YELLOW,Yellow,COLOR,dynamic,unknown,12,True,60.0,244,4.066666666666666
078_013,c:\Projects\signia-fsl-recognition\dynamic_raw\78\2.MOV,78,YELLOW,Yellow,COLOR,dynamic,unknown,13,True,60.0,244,4.066666666666666
078_014,c:\Projects\signia-fsl-recognition\dynamic_raw\78\3.MOV,78,YELLOW,Yellow,COLOR,dynamic,unknown,14,True,60.0,244,4.066666666666666
078_015,c:\Projects\signia-fsl-recognition\dynamic_raw\78\4.MOV,78,YELLOW,Yellow,COLOR,dynamic,unknown,15,True,60.0,244,4.066666666666666
078_016,c:\Projects\signia-fsl-recognition\dynamic_raw\78\5.MOV,78,YELLOW,Yellow,COLOR,dynamic,unknown,16,True,60.0,244,4.066666666666666
078_017,c:\Projects\signia-fsl-recognition\dynamic_raw\78\6.MOV,78,YELLOW,Yellow,COLOR,dynamic,unknown,17,True,60.0,244,4.066666666666666
078_018,c:\Projects\signia-fsl-recognition\dynamic_raw\78\7.MOV,78,YELLOW,Yellow,COLOR,dynamic,unknown,18,True,60.0,244,4.066666666666666
078_019,c:\Projects\signia-fsl-recognition\dynamic_raw\78\8.MOV,78,YELLOW,Yellow,COLOR,dynamic,unknown,19,True,60.0,244,4.066666666666666
078_020,c:\Projects\signia-fsl-recognition\dynamic_raw\78\9.MOV,78,YELLOW,Yellow,COLOR,dynamic,unknown,20,True,60.0,244,4.066666666666666
079_001,c:\Projects\signia-fsl-recognition\dynamic_raw\79\0.MOV,79,ORANGE,Orange,COLOR,dynamic,unknown,1,True,60.0,243,4.05
079_002,c:\Projects\signia-fsl-recognition\dynamic_raw\79\1.MOV,79,ORANGE,Orange,COLOR,dynamic,unknown,2,True,60.0,243,4.05
079_003,c:\Projects\signia-fsl-recognition\dynamic_raw\79\10.MOV,79,ORANGE,Orange,COLOR,dynamic,unknown,3,True,60.0,244,4.066666666666666
079_004,c:\Projects\signia-fsl-recognition\dynamic_raw\79\11.MOV,79,ORANGE,Orange,COLOR,dynamic,unknown,4,True,60.0,243,4.05
079_005,c:\Projects\signia-fsl-recognition\dynamic_raw\79\12.MOV,79,ORANGE,Orange,COLOR,dynamic,unknown,5,True,60.0,243,4.05
079_006,c:\Projects\signia-fsl-recognition\dynamic_raw\79\13.MOV,79,ORANGE,Orange,COLOR,dynamic,unknown,6,True,60.0,243,4.05
079_007,c:\Projects\signia-fsl-recognition\dynamic_raw\79\14.MOV,79,ORANGE,Orange,COLOR,dynamic,unknown,7,True,60.0,243,4.05
079_008,c:\Projects\signia-fsl-recognition\dynamic_raw\79\15.MOV,79,ORANGE,Orange,COLOR,dynamic,unknown,8,True,60.0,244,4.066666666666666
079_009,c:\Projects\signia-fsl-recognition\dynamic_raw\79\16.MOV,79,ORANGE,Orange,COLOR,dynamic,unknown,9,True,60.0,244,4.066666666666666
079_010,c:\Projects\signia-fsl-recognition\dynamic_raw\79\17.MOV,79,ORANGE,Orange,COLOR,dynamic,unknown,10,True,60.0,244,4.066666666666666
079_011,c:\Projects\signia-fsl-recognition\dynamic_raw\79\18.MOV,79,ORANGE,Orange,COLOR,dynamic,unknown,11,True,60.0,244,4.066666666666666
079_012,c:\Projects\signia-fsl-recognition\dynamic_raw\79\19.MOV,79,ORANGE,Orange,COLOR,dynamic,unknown,12,True,60.0,243,4.05
079_013,c:\Projects\signia-fsl-recognition\dynamic_raw\79\2.MOV,79,ORANGE,Orange,COLOR,dynamic,unknown,13,True,60.0,243,4.05
079_014,c:\Projects\signia-fsl-recognition\dynamic_raw\79\3.MOV,79,ORANGE,Orange,COLOR,dynamic,unknown,14,True,60.0,243,4.05
079_015,c:\Projects\signia-fsl-recognition\dynamic_raw\79\4.MOV,79,ORANGE,Orange,COLOR,dynamic,unknown,15,True,60.0,243,4.05
079_016,c:\Projects\signia-fsl-recognition\dynamic_raw\79\5.MOV,79,ORANGE,Orange,COLOR,dynamic,unknown,16,True,60.0,244,4.066666666666666
079_017,c:\Projects\signia-fsl-recognition\dynamic_raw\79\6.MOV,79,ORANGE,Orange,COLOR,dynamic,unknown,17,True,60.0,244,4.066666666666666
079_018,c:\Projects\signia-fsl-recognition\dynamic_raw\79\7.MOV,79,ORANGE,Orange,COLOR,dynamic,unknown,18,True,60.0,243,4.05
079_019,c:\Projects\signia-fsl-recognition\dynamic_raw\79\8.MOV,79,ORANGE,Orange,COLOR,dynamic,unknown,19,True,60.0,243,4.05
079_020,c:\Projects\signia-fsl-recognition\dynamic_raw\79\9.MOV,79,ORANGE,Orange,COLOR,dynamic,unknown,20,True,60.0,243,4.05
080_001,c:\Projects\signia-fsl-recognition\dynamic_raw\80\0.MOV,80,GRAY,Gray,COLOR,dynamic,unknown,1,True,60.0,243,4.05
080_002,c:\Projects\signia-fsl-recognition\dynamic_raw\80\1.MOV,80,GRAY,Gray,COLOR,dynamic,unknown,2,True,60.0,243,4.05
080_003,c:\Projects\signia-fsl-recognition\dynamic_raw\80\10.MOV,80,GRAY,Gray,COLOR,dynamic,unknown,3,True,60.0,243,4.05
080_004,c:\Projects\signia-fsl-recognition\dynamic_raw\80\11.MOV,80,GRAY,Gray,COLOR,dynamic,unknown,4,True,60.0,243,4.05
080_005,c:\Projects\signia-fsl-recognition\dynamic_raw\80\12.MOV,80,GRAY,Gray,COLOR,dynamic,unknown,5,True,60.0,243,4.05
080_006,c:\Projects\signia-fsl-recognition\dynamic_raw\80\13.MOV,80,GRAY,Gray,COLOR,dynamic,unknown,6,True,60.0,243,4.05
080_007,c:\Projects\signia-fsl-recognition\dynamic_raw\80\14.MOV,80,GRAY,Gray,COLOR,dynamic,unknown,7,True,60.0,243,4.05
080_008,c:\Projects\signia-fsl-recognition\dynamic_raw\80\15.MOV,80,GRAY,Gray,COLOR,dynamic,unknown,8,True,60.0,243,4.05
080_009,c:\Projects\signia-fsl-recognition\dynamic_raw\80\16.MOV,80,GRAY,Gray,COLOR,dynamic,unknown,9,True,60.0,243,4.05
080_010,c:\Projects\signia-fsl-recognition\dynamic_raw\80\17.MOV,80,GRAY,Gray,COLOR,dynamic,unknown,10,True,60.0,243,4.05
080_011,c:\Projects\signia-fsl-recognition\dynamic_raw\80\18.MOV,80,GRAY,Gray,COLOR,dynamic,unknown,11,True,60.0,243,4.05
080_012,c:\Projects\signia-fsl-recognition\dynamic_raw\80\19.MOV,80,GRAY,Gray,COLOR,dynamic,unknown,12,True,60.0,243,4.05
080_013,c:\Projects\signia-fsl-recognition\dynamic_raw\80\2.MOV,80,GRAY,Gray,COLOR,dynamic,unknown,13,True,60.0,243,4.05
080_014,c:\Projects\signia-fsl-recognition\dynamic_raw\80\3.MOV,80,GRAY,Gray,COLOR,dynamic,unknown,14,True,60.0,243,4.05
080_015,c:\Projects\signia-fsl-recognition\dynamic_raw\80\4.MOV,80,GRAY,Gray,COLOR,dynamic,unknown,15,True,60.0,243,4.05
080_016,c:\Projects\signia-fsl-recognition\dynamic_raw\80\5.MOV,80,GRAY,Gray,COLOR,dynamic,unknown,16,True,60.0,243,4.05
080_017,c:\Projects\signia-fsl-recognition\dynamic_raw\80\6.MOV,80,GRAY,Gray,COLOR,dynamic,unknown,17,True,60.0,243,4.05
080_018,c:\Projects\signia-fsl-recognition\dynamic_raw\80\7.MOV,80,GRAY,Gray,COLOR,dynamic,unknown,18,True,60.0,243,4.05
080_019,c:\Projects\signia-fsl-recognition\dynamic_raw\80\8.MOV,80,GRAY,Gray,COLOR,dynamic,unknown,19,True,60.0,243,4.05
080_020,c:\Projects\signia-fsl-recognition\dynamic_raw\80\9.MOV,80,GRAY,Gray,COLOR,dynamic,unknown,20,True,60.0,243,4.05
081_001,c:\Projects\signia-fsl-recognition\dynamic_raw\81\0.MOV,81,PINK,Pink,COLOR,dynamic,unknown,1,True,60.0,243,4.05
081_002,c:\Projects\signia-fsl-recognition\dynamic_raw\81\1.MOV,81,PINK,Pink,COLOR,dynamic,unknown,2,True,60.0,243,4.05
081_003,c:\Projects\signia-fsl-recognition\dynamic_raw\81\10.MOV,81,PINK,Pink,COLOR,dynamic,unknown,3,True,60.0,243,4.05
081_004,c:\Projects\signia-fsl-recognition\dynamic_raw\81\11.MOV,81,PINK,Pink,COLOR,dynamic,unknown,4,True,60.0,243,4.05
081_005,c:\Projects\signia-fsl-recognition\dynamic_raw\81\12.MOV,81,PINK,Pink,COLOR,dynamic,unknown,5,True,60.0,243,4.05
081_006,c:\Projects\signia-fsl-recognition\dynamic_raw\81\13.MOV,81,PINK,Pink,COLOR,dynamic,unknown,6,True,60.0,243,4.05
081_007,c:\Projects\signia-fsl-recognition\dynamic_raw\81\14.MOV,81,PINK,Pink,COLOR,dynamic,unknown,7,True,60.0,243,4.05
081_008,c:\Projects\signia-fsl-recognition\dynamic_raw\81\15.MOV,81,PINK,Pink,COLOR,dynamic,unknown,8,True,60.0,243,4.05
081_009,c:\Projects\signia-fsl-recognition\dynamic_raw\81\16.MOV,81,PINK,Pink,COLOR,dynamic,unknown,9,True,60.0,243,4.05
081_010,c:\Projects\signia-fsl-recognition\dynamic_raw\81\17.MOV,81,PINK,Pink,COLOR,dynamic,unknown,10,True,60.0,243,4.05
081_011,c:\Projects\signia-fsl-recognition\dynamic_raw\81\18.MOV,81,PINK,Pink,COLOR,dynamic,unknown,11,True,60.0,243,4.05
081_012,c:\Projects\signia-fsl-recognition\dynamic_raw\81\19.MOV,81,PINK,Pink,COLOR,dynamic,unknown,12,True,60.0,243,4.05
081_013,c:\Projects\signia-fsl-recognition\dynamic_raw\81\2.MOV,81,PINK,Pink,COLOR,dynamic,unknown,13,True,60.0,243,4.05
081_014,c:\Projects\signia-fsl-recognition\dynamic_raw\81\3.MOV,81,PINK,Pink,COLOR,dynamic,unknown,14,True,60.0,243,4.05
081_015,c:\Projects\signia-fsl-recognition\dynamic_raw\81\4.MOV,81,PINK,Pink,COLOR,dynamic,unknown,15,True,60.0,243,4.05
081_016,c:\Projects\signia-fsl-recognition\dynamic_raw\81\5.MOV,81,PINK,Pink,COLOR,dynamic,unknown,16,True,60.0,243,4.05
081_017,c:\Projects\signia-fsl-recognition\dynamic_raw\81\6.MOV,81,PINK,Pink,COLOR,dynamic,unknown,17,True,60.0,243,4.05
081_018,c:\Projects\signia-fsl-recognition\dynamic_raw\81\7.MOV,81,PINK,Pink,COLOR,dynamic,unknown,18,True,60.0,243,4.05
081_019,c:\Projects\signia-fsl-recognition\dynamic_raw\81\8.MOV,81,PINK,Pink,COLOR,dynamic,unknown,19,True,60.0,243,4.05
081_020,c:\Projects\signia-fsl-recognition\dynamic_raw\81\9.MOV,81,PINK,Pink,COLOR,dynamic,unknown,20,True,60.0,243,4.05
082_001,c:\Projects\signia-fsl-recognition\dynamic_raw\82\0.MOV,82,VIOLET,Violet,COLOR,dynamic,unknown,1,True,60.0,243,4.05
082_002,c:\Projects\signia-fsl-recognition\dynamic_raw\82\1.MOV,82,VIOLET,Violet,COLOR,dynamic,unknown,2,True,60.0,243,4.05
082_003,c:\Projects\signia-fsl-recognition\dynamic_raw\82\10.MOV,82,VIOLET,Violet,COLOR,dynamic,unknown,3,True,60.0,243,4.05
082_004,c:\Projects\signia-fsl-recognition\dynamic_raw\82\11.MOV,82,VIOLET,Violet,COLOR,dynamic,unknown,4,True,60.0,243,4.05
082_005,c:\Projects\signia-fsl-recognition\dynamic_raw\82\12.MOV,82,VIOLET,Violet,COLOR,dynamic,unknown,5,True,60.0,243,4.05
082_006,c:\Projects\signia-fsl-recognition\dynamic_raw\82\13.MOV,82,VIOLET,Violet,COLOR,dynamic,unknown,6,True,60.0,243,4.05
082_007,c:\Projects\signia-fsl-recognition\dynamic_raw\82\14.MOV,82,VIOLET,Violet,COLOR,dynamic,unknown,7,True,60.0,243,4.05
082_008,c:\Projects\signia-fsl-recognition\dynamic_raw\82\15.MOV,82,VIOLET,Violet,COLOR,dynamic,unknown,8,True,60.0,243,4.05
082_009,c:\Projects\signia-fsl-recognition\dynamic_raw\82\16.MOV,82,VIOLET,Violet,COLOR,dynamic,unknown,9,True,60.0,243,4.05
082_010,c:\Projects\signia-fsl-recognition\dynamic_raw\82\17.MOV,82,VIOLET,Violet,COLOR,dynamic,unknown,10,True,60.0,243,4.05
082_011,c:\Projects\signia-fsl-recognition\dynamic_raw\82\18.MOV,82,VIOLET,Violet,COLOR,dynamic,unknown,11,True,60.0,243,4.05
082_012,c:\Projects\signia-fsl-recognition\dynamic_raw\82\19.MOV,82,VIOLET,Violet,COLOR,dynamic,unknown,12,True,60.0,243,4.05
082_013,c:\Projects\signia-fsl-recognition\dynamic_raw\82\2.MOV,82,VIOLET,Violet,COLOR,dynamic,unknown,13,True,60.0,243,4.05
082_014,c:\Projects\signia-fsl-recognition\dynamic_raw\82\3.MOV,82,VIOLET,Violet,COLOR,dynamic,unknown,14,True,60.0,243,4.05
082_015,c:\Projects\signia-fsl-recognition\dynamic_raw\82\4.MOV,82,VIOLET,Violet,COLOR,dynamic,unknown,15,True,60.0,243,4.05
082_016,c:\Projects\signia-fsl-recognition\dynamic_raw\82\5.MOV,82,VIOLET,Violet,COLOR,dynamic,unknown,16,True,60.0,243,4.05
082_017,c:\Projects\signia-fsl-recognition\dynamic_raw\82\6.MOV,82,VIOLET,Violet,COLOR,dynamic,unknown,17,True,60.0,243,4.05
082_018,c:\Projects\signia-fsl-recognition\dynamic_raw\82\7.MOV,82,VIOLET,Violet,COLOR,dynamic,unknown,18,True,60.0,243,4.05
082_019,c:\Projects\signia-fsl-recognition\dynamic_raw\82\8.MOV,82,VIOLET,Violet,COLOR,dynamic,unknown,19,True,60.0,243,4.05
082_020,c:\Projects\signia-fsl-recognition\dynamic_raw\82\9.MOV,82,VIOLET,Violet,COLOR,dynamic,unknown,20,True,60.0,243,4.05
083_001,c:\Projects\signia-fsl-recognition\dynamic_raw\83\0.MOV,83,LIGHT,Light,COLOR,dynamic,unknown,1,True,60.0,243,4.05
083_002,c:\Projects\signia-fsl-recognition\dynamic_raw\83\1.MOV,83,LIGHT,Light,COLOR,dynamic,unknown,2,True,60.0,243,4.05
083_003,c:\Projects\signia-fsl-recognition\dynamic_raw\83\10.MOV,83,LIGHT,Light,COLOR,dynamic,unknown,3,True,60.0,243,4.05
083_004,c:\Projects\signia-fsl-recognition\dynamic_raw\83\11.MOV,83,LIGHT,Light,COLOR,dynamic,unknown,4,True,60.0,243,4.05
083_005,c:\Projects\signia-fsl-recognition\dynamic_raw\83\12.MOV,83,LIGHT,Light,COLOR,dynamic,unknown,5,True,60.0,243,4.05
083_006,c:\Projects\signia-fsl-recognition\dynamic_raw\83\13.MOV,83,LIGHT,Light,COLOR,dynamic,unknown,6,True,60.0,243,4.05
083_007,c:\Projects\signia-fsl-recognition\dynamic_raw\83\14.MOV,83,LIGHT,Light,COLOR,dynamic,unknown,7,True,60.0,243,4.05
083_008,c:\Projects\signia-fsl-recognition\dynamic_raw\83\15.MOV,83,LIGHT,Light,COLOR,dynamic,unknown,8,True,60.0,243,4.05
083_009,c:\Projects\signia-fsl-recognition\dynamic_raw\83\16.MOV,83,LIGHT,Light,COLOR,dynamic,unknown,9,True,60.0,243,4.05
083_010,c:\Projects\signia-fsl-recognition\dynamic_raw\83\17.MOV,83,LIGHT,Light,COLOR,dynamic,unknown,10,True,60.0,243,4.05
083_011,c:\Projects\signia-fsl-recognition\dynamic_raw\83\18.MOV,83,LIGHT,Light,COLOR,dynamic,unknown,11,True,60.0,243,4.05
083_012,c:\Projects\signia-fsl-recognition\dynamic_raw\83\19.MOV,83,LIGHT,Light,COLOR,dynamic,unknown,12,True,60.0,243,4.05
083_013,c:\Projects\signia-fsl-recognition\dynamic_raw\83\2.MOV,83,LIGHT,Light,COLOR,dynamic,unknown,13,True,60.0,243,4.05
083_014,c:\Projects\signia-fsl-recognition\dynamic_raw\83\3.MOV,83,LIGHT,Light,COLOR,dynamic,unknown,14,True,60.0,243,4.05
083_015,c:\Projects\signia-fsl-recognition\dynamic_raw\83\4.MOV,83,LIGHT,Light,COLOR,dynamic,unknown,15,True,60.0,243,4.05
083_016,c:\Projects\signia-fsl-recognition\dynamic_raw\83\5.MOV,83,LIGHT,Light,COLOR,dynamic,unknown,16,True,60.0,243,4.05
083_017,c:\Projects\signia-fsl-recognition\dynamic_raw\83\6.MOV,83,LIGHT,Light,COLOR,dynamic,unknown,17,True,60.0,243,4.05
083_018,c:\Projects\signia-fsl-recognition\dynamic_raw\83\7.MOV,83,LIGHT,Light,COLOR,dynamic,unknown,18,True,60.0,243,4.05
083_019,c:\Projects\signia-fsl-recognition\dynamic_raw\83\8.MOV,83,LIGHT,Light,COLOR,dynamic,unknown,19,True,60.0,243,4.05
083_020,c:\Projects\signia-fsl-recognition\dynamic_raw\83\9.MOV,83,LIGHT,Light,COLOR,dynamic,unknown,20,True,60.0,243,4.05
084_001,c:\Projects\signia-fsl-recognition\dynamic_raw\84\0.MOV,84,DARK,Dark,COLOR,dynamic,unknown,1,True,60.0,243,4.05
084_002,c:\Projects\signia-fsl-recognition\dynamic_raw\84\1.MOV,84,DARK,Dark,COLOR,dynamic,unknown,2,True,60.0,243,4.05
084_003,c:\Projects\signia-fsl-recognition\dynamic_raw\84\10.MOV,84,DARK,Dark,COLOR,dynamic,unknown,3,True,60.0,243,4.05
084_004,c:\Projects\signia-fsl-recognition\dynamic_raw\84\11.MOV,84,DARK,Dark,COLOR,dynamic,unknown,4,True,60.0,243,4.05
084_005,c:\Projects\signia-fsl-recognition\dynamic_raw\84\12.MOV,84,DARK,Dark,COLOR,dynamic,unknown,5,True,60.0,243,4.05
084_006,c:\Projects\signia-fsl-recognition\dynamic_raw\84\13.MOV,84,DARK,Dark,COLOR,dynamic,unknown,6,True,60.0,243,4.05
084_007,c:\Projects\signia-fsl-recognition\dynamic_raw\84\14.MOV,84,DARK,Dark,COLOR,dynamic,unknown,7,True,60.0,243,4.05
084_008,c:\Projects\signia-fsl-recognition\dynamic_raw\84\15.MOV,84,DARK,Dark,COLOR,dynamic,unknown,8,True,60.0,243,4.05
084_009,c:\Projects\signia-fsl-recognition\dynamic_raw\84\16.MOV,84,DARK,Dark,COLOR,dynamic,unknown,9,True,60.0,243,4.05
084_010,c:\Projects\signia-fsl-recognition\dynamic_raw\84\17.MOV,84,DARK,Dark,COLOR,dynamic,unknown,10,True,60.0,243,4.05
084_011,c:\Projects\signia-fsl-recognition\dynamic_raw\84\18.MOV,84,DARK,Dark,COLOR,dynamic,unknown,11,True,60.0,243,4.05
084_012,c:\Projects\signia-fsl-recognition\dynamic_raw\84\19.MOV,84,DARK,Dark,COLOR,dynamic,unknown,12,True,60.0,243,4.05
084_013,c:\Projects\signia-fsl-recognition\dynamic_raw\84\2.MOV,84,DARK,Dark,COLOR,dynamic,unknown,13,True,60.0,243,4.05
084_014,c:\Projects\signia-fsl-recognition\dynamic_raw\84\3.MOV,84,DARK,Dark,COLOR,dynamic,unknown,14,True,60.0,243,4.05
084_015,c:\Projects\signia-fsl-recognition\dynamic_raw\84\4.MOV,84,DARK,Dark,COLOR,dynamic,unknown,15,True,60.0,243,4.05
084_016,c:\Projects\signia-fsl-recognition\dynamic_raw\84\5.MOV,84,DARK,Dark,COLOR,dynamic,unknown,16,True,60.0,243,4.05
084_017,c:\Projects\signia-fsl-recognition\dynamic_raw\84\6.MOV,84,DARK,Dark,COLOR,dynamic,unknown,17,True,60.0,243,4.05
084_018,c:\Projects\signia-fsl-recognition\dynamic_raw\84\7.MOV,84,DARK,Dark,COLOR,dynamic,unknown,18,True,60.0,243,4.05
084_019,c:\Projects\signia-fsl-recognition\dynamic_raw\84\8.MOV,84,DARK,Dark,COLOR,dynamic,unknown,19,True,60.0,243,4.05
084_020,c:\Projects\signia-fsl-recognition\dynamic_raw\84\9.MOV,84,DARK,Dark,COLOR,dynamic,unknown,20,True,60.0,243,4.05
085_001,c:\Projects\signia-fsl-recognition\dynamic_raw\85\0.MOV,85,BREAD,Bread,FOOD,dynamic,unknown,1,True,60.0,245,4.083333333333333
085_002,c:\Projects\signia-fsl-recognition\dynamic_raw\85\1.MOV,85,BREAD,Bread,FOOD,dynamic,unknown,2,True,60.0,245,4.083333333333333
085_003,c:\Projects\signia-fsl-recognition\dynamic_raw\85\10.MOV,85,BREAD,Bread,FOOD,dynamic,unknown,3,True,60.0,245,4.083333333333333
085_004,c:\Projects\signia-fsl-recognition\dynamic_raw\85\11.MOV,85,BREAD,Bread,FOOD,dynamic,unknown,4,True,60.0,245,4.083333333333333
085_005,c:\Projects\signia-fsl-recognition\dynamic_raw\85\12.MOV,85,BREAD,Bread,FOOD,dynamic,unknown,5,True,60.0,244,4.066666666666666
085_006,c:\Projects\signia-fsl-recognition\dynamic_raw\85\13.MOV,85,BREAD,Bread,FOOD,dynamic,unknown,6,True,60.0,244,4.066666666666666
085_007,c:\Projects\signia-fsl-recognition\dynamic_raw\85\14.MOV,85,BREAD,Bread,FOOD,dynamic,unknown,7,True,60.0,244,4.066666666666666
085_008,c:\Projects\signia-fsl-recognition\dynamic_raw\85\15.MOV,85,BREAD,Bread,FOOD,dynamic,unknown,8,True,60.0,244,4.066666666666666
085_009,c:\Projects\signia-fsl-recognition\dynamic_raw\85\16.MOV,85,BREAD,Bread,FOOD,dynamic,unknown,9,True,60.0,244,4.066666666666666
085_010,c:\Projects\signia-fsl-recognition\dynamic_raw\85\17.MOV,85,BREAD,Bread,FOOD,dynamic,unknown,10,True,60.0,244,4.066666666666666
085_011,c:\Projects\signia-fsl-recognition\dynamic_raw\85\18.MOV,85,BREAD,Bread,FOOD,dynamic,unknown,11,True,60.0,244,4.066666666666666
085_012,c:\Projects\signia-fsl-recognition\dynamic_raw\85\19.MOV,85,BREAD,Bread,FOOD,dynamic,unknown,12,True,60.0,244,4.066666666666666
085_013,c:\Projects\signia-fsl-recognition\dynamic_raw\85\2.MOV,85,BREAD,Bread,FOOD,dynamic,unknown,13,True,60.0,244,4.066666666666666
085_014,c:\Projects\signia-fsl-recognition\dynamic_raw\85\3.MOV,85,BREAD,Bread,FOOD,dynamic,unknown,14,True,60.0,244,4.066666666666666
085_015,c:\Projects\signia-fsl-recognition\dynamic_raw\85\4.MOV,85,BREAD,Bread,FOOD,dynamic,unknown,15,True,60.0,244,4.066666666666666
085_016,c:\Projects\signia-fsl-recognition\dynamic_raw\85\5.MOV,85,BREAD,Bread,FOOD,dynamic,unknown,16,True,60.0,245,4.083333333333333
085_017,c:\Projects\signia-fsl-recognition\dynamic_raw\85\6.MOV,85,BREAD,Bread,FOOD,dynamic,unknown,17,True,60.0,245,4.083333333333333
085_018,c:\Projects\signia-fsl-recognition\dynamic_raw\85\7.MOV,85,BREAD,Bread,FOOD,dynamic,unknown,18,True,60.0,244,4.066666666666666
085_019,c:\Projects\signia-fsl-recognition\dynamic_raw\85\8.MOV,85,BREAD,Bread,FOOD,dynamic,unknown,19,True,60.0,244,4.066666666666666
085_020,c:\Projects\signia-fsl-recognition\dynamic_raw\85\9.MOV,85,BREAD,Bread,FOOD,dynamic,unknown,20,True,60.0,244,4.066666666666666
086_001,c:\Projects\signia-fsl-recognition\dynamic_raw\86\0.MOV,86,EGG,Egg,FOOD,dynamic,unknown,1,True,60.0,244,4.066666666666666
086_002,c:\Projects\signia-fsl-recognition\dynamic_raw\86\1.MOV,86,EGG,Egg,FOOD,dynamic,unknown,2,True,60.0,244,4.066666666666666
086_003,c:\Projects\signia-fsl-recognition\dynamic_raw\86\10.MOV,86,EGG,Egg,FOOD,dynamic,unknown,3,True,60.0,244,4.066666666666666
086_004,c:\Projects\signia-fsl-recognition\dynamic_raw\86\11.MOV,86,EGG,Egg,FOOD,dynamic,unknown,4,True,60.0,244,4.066666666666666
086_005,c:\Projects\signia-fsl-recognition\dynamic_raw\86\12.MOV,86,EGG,Egg,FOOD,dynamic,unknown,5,True,60.0,244,4.066666666666666
086_006,c:\Projects\signia-fsl-recognition\dynamic_raw\86\13.MOV,86,EGG,Egg,FOOD,dynamic,unknown,6,True,60.0,244,4.066666666666666
086_007,c:\Projects\signia-fsl-recognition\dynamic_raw\86\14.MOV,86,EGG,Egg,FOOD,dynamic,unknown,7,True,60.0,244,4.066666666666666
086_008,c:\Projects\signia-fsl-recognition\dynamic_raw\86\15.MOV,86,EGG,Egg,FOOD,dynamic,unknown,8,True,60.0,244,4.066666666666666
086_009,c:\Projects\signia-fsl-recognition\dynamic_raw\86\16.MOV,86,EGG,Egg,FOOD,dynamic,unknown,9,True,60.0,244,4.066666666666666
086_010,c:\Projects\signia-fsl-recognition\dynamic_raw\86\17.MOV,86,EGG,Egg,FOOD,dynamic,unknown,10,True,60.0,244,4.066666666666666
086_011,c:\Projects\signia-fsl-recognition\dynamic_raw\86\18.MOV,86,EGG,Egg,FOOD,dynamic,unknown,11,True,60.0,244,4.066666666666666
086_012,c:\Projects\signia-fsl-recognition\dynamic_raw\86\19.MOV,86,EGG,Egg,FOOD,dynamic,unknown,12,True,60.0,244,4.066666666666666
086_013,c:\Projects\signia-fsl-recognition\dynamic_raw\86\2.MOV,86,EGG,Egg,FOOD,dynamic,unknown,13,True,60.0,244,4.066666666666666
086_014,c:\Projects\signia-fsl-recognition\dynamic_raw\86\3.MOV,86,EGG,Egg,FOOD,dynamic,unknown,14,True,60.0,244,4.066666666666666
086_015,c:\Projects\signia-fsl-recognition\dynamic_raw\86\4.MOV,86,EGG,Egg,FOOD,dynamic,unknown,15,True,60.0,244,4.066666666666666
086_016,c:\Projects\signia-fsl-recognition\dynamic_raw\86\5.MOV,86,EGG,Egg,FOOD,dynamic,unknown,16,True,60.0,244,4.066666666666666
086_017,c:\Projects\signia-fsl-recognition\dynamic_raw\86\6.MOV,86,EGG,Egg,FOOD,dynamic,unknown,17,True,60.0,244,4.066666666666666
086_018,c:\Projects\signia-fsl-recognition\dynamic_raw\86\7.MOV,86,EGG,Egg,FOOD,dynamic,unknown,18,True,60.0,244,4.066666666666666
086_019,c:\Projects\signia-fsl-recognition\dynamic_raw\86\8.MOV,86,EGG,Egg,FOOD,dynamic,unknown,19,True,60.0,244,4.066666666666666
086_020,c:\Projects\signia-fsl-recognition\dynamic_raw\86\9.MOV,86,EGG,Egg,FOOD,dynamic,unknown,20,True,60.0,244,4.066666666666666
087_001,c:\Projects\signia-fsl-recognition\dynamic_raw\87\0.MOV,87,FISH,Fish,FOOD,dynamic,unknown,1,True,60.0,244,4.066666666666666
087_002,c:\Projects\signia-fsl-recognition\dynamic_raw\87\1.MOV,87,FISH,Fish,FOOD,dynamic,unknown,2,True,60.0,244,4.066666666666666
087_003,c:\Projects\signia-fsl-recognition\dynamic_raw\87\10.MOV,87,FISH,Fish,FOOD,dynamic,unknown,3,True,60.0,244,4.066666666666666
087_004,c:\Projects\signia-fsl-recognition\dynamic_raw\87\11.MOV,87,FISH,Fish,FOOD,dynamic,unknown,4,True,60.0,244,4.066666666666666
087_005,c:\Projects\signia-fsl-recognition\dynamic_raw\87\12.MOV,87,FISH,Fish,FOOD,dynamic,unknown,5,True,60.0,244,4.066666666666666
087_006,c:\Projects\signia-fsl-recognition\dynamic_raw\87\13.MOV,87,FISH,Fish,FOOD,dynamic,unknown,6,True,60.0,244,4.066666666666666
087_007,c:\Projects\signia-fsl-recognition\dynamic_raw\87\14.MOV,87,FISH,Fish,FOOD,dynamic,unknown,7,True,60.0,244,4.066666666666666
087_008,c:\Projects\signia-fsl-recognition\dynamic_raw\87\15.MOV,87,FISH,Fish,FOOD,dynamic,unknown,8,True,60.0,244,4.066666666666666
087_009,c:\Projects\signia-fsl-recognition\dynamic_raw\87\16.MOV,87,FISH,Fish,FOOD,dynamic,unknown,9,True,60.0,244,4.066666666666666
087_010,c:\Projects\signia-fsl-recognition\dynamic_raw\87\17.MOV,87,FISH,Fish,FOOD,dynamic,unknown,10,True,60.0,244,4.066666666666666
087_011,c:\Projects\signia-fsl-recognition\dynamic_raw\87\18.MOV,87,FISH,Fish,FOOD,dynamic,unknown,11,True,60.0,244,4.066666666666666
087_012,c:\Projects\signia-fsl-recognition\dynamic_raw\87\19.MOV,87,FISH,Fish,FOOD,dynamic,unknown,12,True,60.0,244,4.066666666666666
087_013,c:\Projects\signia-fsl-recognition\dynamic_raw\87\2.MOV,87,FISH,Fish,FOOD,dynamic,unknown,13,True,60.0,244,4.066666666666666
087_014,c:\Projects\signia-fsl-recognition\dynamic_raw\87\3.MOV,87,FISH,Fish,FOOD,dynamic,unknown,14,True,60.0,244,4.066666666666666
087_015,c:\Projects\signia-fsl-recognition\dynamic_raw\87\4.MOV,87,FISH,Fish,FOOD,dynamic,unknown,15,True,60.0,244,4.066666666666666
087_016,c:\Projects\signia-fsl-recognition\dynamic_raw\87\5.MOV,87,FISH,Fish,FOOD,dynamic,unknown,16,True,60.0,244,4.066666666666666
087_017,c:\Projects\signia-fsl-recognition\dynamic_raw\87\6.MOV,87,FISH,Fish,FOOD,dynamic,unknown,17,True,60.0,244,4.066666666666666
087_018,c:\Projects\signia-fsl-recognition\dynamic_raw\87\7.MOV,87,FISH,Fish,FOOD,dynamic,unknown,18,True,60.0,244,4.066666666666666
087_019,c:\Projects\signia-fsl-recognition\dynamic_raw\87\8.MOV,87,FISH,Fish,FOOD,dynamic,unknown,19,True,60.0,244,4.066666666666666
087_020,c:\Projects\signia-fsl-recognition\dynamic_raw\87\9.MOV,87,FISH,Fish,FOOD,dynamic,unknown,20,True,60.0,244,4.066666666666666
088_001,c:\Projects\signia-fsl-recognition\dynamic_raw\88\0.MOV,88,MEAT,Meat,FOOD,dynamic,unknown,1,True,60.0,244,4.066666666666666
088_002,c:\Projects\signia-fsl-recognition\dynamic_raw\88\1.MOV,88,MEAT,Meat,FOOD,dynamic,unknown,2,True,60.0,244,4.066666666666666
088_003,c:\Projects\signia-fsl-recognition\dynamic_raw\88\10.MOV,88,MEAT,Meat,FOOD,dynamic,unknown,3,True,60.0,244,4.066666666666666
088_004,c:\Projects\signia-fsl-recognition\dynamic_raw\88\11.MOV,88,MEAT,Meat,FOOD,dynamic,unknown,4,True,60.0,244,4.066666666666666
088_005,c:\Projects\signia-fsl-recognition\dynamic_raw\88\12.MOV,88,MEAT,Meat,FOOD,dynamic,unknown,5,True,60.0,244,4.066666666666666
088_006,c:\Projects\signia-fsl-recognition\dynamic_raw\88\13.MOV,88,MEAT,Meat,FOOD,dynamic,unknown,6,True,60.0,244,4.066666666666666
088_007,c:\Projects\signia-fsl-recognition\dynamic_raw\88\14.MOV,88,MEAT,Meat,FOOD,dynamic,unknown,7,True,60.0,244,4.066666666666666
088_008,c:\Projects\signia-fsl-recognition\dynamic_raw\88\15.MOV,88,MEAT,Meat,FOOD,dynamic,unknown,8,True,60.0,244,4.066666666666666
088_009,c:\Projects\signia-fsl-recognition\dynamic_raw\88\16.MOV,88,MEAT,Meat,FOOD,dynamic,unknown,9,True,60.0,244,4.066666666666666
088_010,c:\Projects\signia-fsl-recognition\dynamic_raw\88\17.MOV,88,MEAT,Meat,FOOD,dynamic,unknown,10,True,60.0,244,4.066666666666666
088_011,c:\Projects\signia-fsl-recognition\dynamic_raw\88\18.MOV,88,MEAT,Meat,FOOD,dynamic,unknown,11,True,60.0,244,4.066666666666666
088_012,c:\Projects\signia-fsl-recognition\dynamic_raw\88\19.MOV,88,MEAT,Meat,FOOD,dynamic,unknown,12,True,60.0,244,4.066666666666666
088_013,c:\Projects\signia-fsl-recognition\dynamic_raw\88\2.MOV,88,MEAT,Meat,FOOD,dynamic,unknown,13,True,60.0,244,4.066666666666666
088_014,c:\Projects\signia-fsl-recognition\dynamic_raw\88\3.MOV,88,MEAT,Meat,FOOD,dynamic,unknown,14,True,60.0,244,4.066666666666666
088_015,c:\Projects\signia-fsl-recognition\dynamic_raw\88\4.MOV,88,MEAT,Meat,FOOD,dynamic,unknown,15,True,60.0,244,4.066666666666666
088_016,c:\Projects\signia-fsl-recognition\dynamic_raw\88\5.MOV,88,MEAT,Meat,FOOD,dynamic,unknown,16,True,60.0,244,4.066666666666666
088_017,c:\Projects\signia-fsl-recognition\dynamic_raw\88\6.MOV,88,MEAT,Meat,FOOD,dynamic,unknown,17,True,60.0,244,4.066666666666666
088_018,c:\Projects\signia-fsl-recognition\dynamic_raw\88\7.MOV,88,MEAT,Meat,FOOD,dynamic,unknown,18,True,60.0,244,4.066666666666666
088_019,c:\Projects\signia-fsl-recognition\dynamic_raw\88\8.MOV,88,MEAT,Meat,FOOD,dynamic,unknown,19,True,60.0,244,4.066666666666666
088_020,c:\Projects\signia-fsl-recognition\dynamic_raw\88\9.MOV,88,MEAT,Meat,FOOD,dynamic,unknown,20,True,60.0,244,4.066666666666666
089_001,c:\Projects\signia-fsl-recognition\dynamic_raw\89\0.MOV,89,CHICKEN,Chicken,FOOD,dynamic,unknown,1,True,60.0,244,4.066666666666666
089_002,c:\Projects\signia-fsl-recognition\dynamic_raw\89\1.MOV,89,CHICKEN,Chicken,FOOD,dynamic,unknown,2,True,60.0,244,4.066666666666666
089_003,c:\Projects\signia-fsl-recognition\dynamic_raw\89\10.MOV,89,CHICKEN,Chicken,FOOD,dynamic,unknown,3,True,60.0,244,4.066666666666666
089_004,c:\Projects\signia-fsl-recognition\dynamic_raw\89\11.MOV,89,CHICKEN,Chicken,FOOD,dynamic,unknown,4,True,60.0,244,4.066666666666666
089_005,c:\Projects\signia-fsl-recognition\dynamic_raw\89\12.MOV,89,CHICKEN,Chicken,FOOD,dynamic,unknown,5,True,60.0,244,4.066666666666666
089_006,c:\Projects\signia-fsl-recognition\dynamic_raw\89\13.MOV,89,CHICKEN,Chicken,FOOD,dynamic,unknown,6,True,60.0,244,4.066666666666666
089_007,c:\Projects\signia-fsl-recognition\dynamic_raw\89\14.MOV,89,CHICKEN,Chicken,FOOD,dynamic,unknown,7,True,60.0,244,4.066666666666666
089_008,c:\Projects\signia-fsl-recognition\dynamic_raw\89\15.MOV,89,CHICKEN,Chicken,FOOD,dynamic,unknown,8,True,60.0,244,4.066666666666666
089_009,c:\Projects\signia-fsl-recognition\dynamic_raw\89\16.MOV,89,CHICKEN,Chicken,FOOD,dynamic,unknown,9,True,60.0,244,4.066666666666666
089_010,c:\Projects\signia-fsl-recognition\dynamic_raw\89\17.MOV,89,CHICKEN,Chicken,FOOD,dynamic,unknown,10,True,60.0,244,4.066666666666666
089_011,c:\Projects\signia-fsl-recognition\dynamic_raw\89\18.MOV,89,CHICKEN,Chicken,FOOD,dynamic,unknown,11,True,60.0,244,4.066666666666666
089_012,c:\Projects\signia-fsl-recognition\dynamic_raw\89\19.MOV,89,CHICKEN,Chicken,FOOD,dynamic,unknown,12,True,60.0,244,4.066666666666666
089_013,c:\Projects\signia-fsl-recognition\dynamic_raw\89\2.MOV,89,CHICKEN,Chicken,FOOD,dynamic,unknown,13,True,60.0,244,4.066666666666666
089_014,c:\Projects\signia-fsl-recognition\dynamic_raw\89\3.MOV,89,CHICKEN,Chicken,FOOD,dynamic,unknown,14,True,60.0,244,4.066666666666666
089_015,c:\Projects\signia-fsl-recognition\dynamic_raw\89\4.MOV,89,CHICKEN,Chicken,FOOD,dynamic,unknown,15,True,60.0,244,4.066666666666666
089_016,c:\Projects\signia-fsl-recognition\dynamic_raw\89\5.MOV,89,CHICKEN,Chicken,FOOD,dynamic,unknown,16,True,60.0,244,4.066666666666666
089_017,c:\Projects\signia-fsl-recognition\dynamic_raw\89\6.MOV,89,CHICKEN,Chicken,FOOD,dynamic,unknown,17,True,60.0,244,4.066666666666666
089_018,c:\Projects\signia-fsl-recognition\dynamic_raw\89\7.MOV,89,CHICKEN,Chicken,FOOD,dynamic,unknown,18,True,60.0,244,4.066666666666666
089_019,c:\Projects\signia-fsl-recognition\dynamic_raw\89\8.MOV,89,CHICKEN,Chicken,FOOD,dynamic,unknown,19,True,60.0,244,4.066666666666666
089_020,c:\Projects\signia-fsl-recognition\dynamic_raw\89\9.MOV,89,CHICKEN,Chicken,FOOD,dynamic,unknown,20,True,60.0,244,4.066666666666666
090_001,c:\Projects\signia-fsl-recognition\dynamic_raw\90\0.MOV,90,SPAGHETTI,Spaghetti,FOOD,dynamic,unknown,1,True,60.0,244,4.066666666666666
090_002,c:\Projects\signia-fsl-recognition\dynamic_raw\90\1.MOV,90,SPAGHETTI,Spaghetti,FOOD,dynamic,unknown,2,True,60.0,244,4.066666666666666
090_003,c:\Projects\signia-fsl-recognition\dynamic_raw\90\10.MOV,90,SPAGHETTI,Spaghetti,FOOD,dynamic,unknown,3,True,60.0,244,4.066666666666666
090_004,c:\Projects\signia-fsl-recognition\dynamic_raw\90\11.MOV,90,SPAGHETTI,Spaghetti,FOOD,dynamic,unknown,4,True,60.0,244,4.066666666666666
090_005,c:\Projects\signia-fsl-recognition\dynamic_raw\90\12.MOV,90,SPAGHETTI,Spaghetti,FOOD,dynamic,unknown,5,True,60.0,244,4.066666666666666
090_006,c:\Projects\signia-fsl-recognition\dynamic_raw\90\13.MOV,90,SPAGHETTI,Spaghetti,FOOD,dynamic,unknown,6,True,60.0,244,4.066666666666666
090_007,c:\Projects\signia-fsl-recognition\dynamic_raw\90\14.MOV,90,SPAGHETTI,Spaghetti,FOOD,dynamic,unknown,7,True,60.0,243,4.05
090_008,c:\Projects\signia-fsl-recognition\dynamic_raw\90\15.MOV,90,SPAGHETTI,Spaghetti,FOOD,dynamic,unknown,8,True,60.0,243,4.05
090_009,c:\Projects\signia-fsl-recognition\dynamic_raw\90\16.MOV,90,SPAGHETTI,Spaghetti,FOOD,dynamic,unknown,9,True,60.0,243,4.05
090_010,c:\Projects\signia-fsl-recognition\dynamic_raw\90\17.MOV,90,SPAGHETTI,Spaghetti,FOOD,dynamic,unknown,10,True,60.0,243,4.05
090_011,c:\Projects\signia-fsl-recognition\dynamic_raw\90\18.MOV,90,SPAGHETTI,Spaghetti,FOOD,dynamic,unknown,11,True,60.0,243,4.05
090_012,c:\Projects\signia-fsl-recognition\dynamic_raw\90\19.MOV,90,SPAGHETTI,Spaghetti,FOOD,dynamic,unknown,12,True,60.0,243,4.05
090_013,c:\Projects\signia-fsl-recognition\dynamic_raw\90\2.MOV,90,SPAGHETTI,Spaghetti,FOOD,dynamic,unknown,13,True,60.0,244,4.066666666666666
090_014,c:\Projects\signia-fsl-recognition\dynamic_raw\90\3.MOV,90,SPAGHETTI,Spaghetti,FOOD,dynamic,unknown,14,True,60.0,244,4.066666666666666
090_015,c:\Projects\signia-fsl-recognition\dynamic_raw\90\4.MOV,90,SPAGHETTI,Spaghetti,FOOD,dynamic,unknown,15,True,60.0,243,4.05
090_016,c:\Projects\signia-fsl-recognition\dynamic_raw\90\5.MOV,90,SPAGHETTI,Spaghetti,FOOD,dynamic,unknown,16,True,60.0,244,4.066666666666666
090_017,c:\Projects\signia-fsl-recognition\dynamic_raw\90\6.MOV,90,SPAGHETTI,Spaghetti,FOOD,dynamic,unknown,17,True,60.0,244,4.066666666666666
090_018,c:\Projects\signia-fsl-recognition\dynamic_raw\90\7.MOV,90,SPAGHETTI,Spaghetti,FOOD,dynamic,unknown,18,True,60.0,244,4.066666666666666
090_019,c:\Projects\signia-fsl-recognition\dynamic_raw\90\8.MOV,90,SPAGHETTI,Spaghetti,FOOD,dynamic,unknown,19,True,60.0,244,4.066666666666666
090_020,c:\Projects\signia-fsl-recognition\dynamic_raw\90\9.MOV,90,SPAGHETTI,Spaghetti,FOOD,dynamic,unknown,20,True,60.0,244,4.066666666666666
091_001,c:\Projects\signia-fsl-recognition\dynamic_raw\91\0.MOV,91,RICE,Rice,FOOD,dynamic,unknown,1,True,60.0,243,4.05
091_002,c:\Projects\signia-fsl-recognition\dynamic_raw\91\1.MOV,91,RICE,Rice,FOOD,dynamic,unknown,2,True,60.0,243,4.05
091_003,c:\Projects\signia-fsl-recognition\dynamic_raw\91\10.MOV,91,RICE,Rice,FOOD,dynamic,unknown,3,True,60.0,243,4.05
091_004,c:\Projects\signia-fsl-recognition\dynamic_raw\91\11.MOV,91,RICE,Rice,FOOD,dynamic,unknown,4,True,60.0,243,4.05
091_005,c:\Projects\signia-fsl-recognition\dynamic_raw\91\12.MOV,91,RICE,Rice,FOOD,dynamic,unknown,5,True,60.0,243,4.05
091_006,c:\Projects\signia-fsl-recognition\dynamic_raw\91\13.MOV,91,RICE,Rice,FOOD,dynamic,unknown,6,True,60.0,243,4.05
091_007,c:\Projects\signia-fsl-recognition\dynamic_raw\91\14.MOV,91,RICE,Rice,FOOD,dynamic,unknown,7,True,60.0,243,4.05
091_008,c:\Projects\signia-fsl-recognition\dynamic_raw\91\15.MOV,91,RICE,Rice,FOOD,dynamic,unknown,8,True,60.0,243,4.05
091_009,c:\Projects\signia-fsl-recognition\dynamic_raw\91\16.MOV,91,RICE,Rice,FOOD,dynamic,unknown,9,True,60.0,243,4.05
091_010,c:\Projects\signia-fsl-recognition\dynamic_raw\91\17.MOV,91,RICE,Rice,FOOD,dynamic,unknown,10,True,60.0,243,4.05
091_011,c:\Projects\signia-fsl-recognition\dynamic_raw\91\18.MOV,91,RICE,Rice,FOOD,dynamic,unknown,11,True,60.0,243,4.05
091_012,c:\Projects\signia-fsl-recognition\dynamic_raw\91\19.MOV,91,RICE,Rice,FOOD,dynamic,unknown,12,True,60.0,243,4.05
091_013,c:\Projects\signia-fsl-recognition\dynamic_raw\91\2.MOV,91,RICE,Rice,FOOD,dynamic,unknown,13,True,60.0,243,4.05
091_014,c:\Projects\signia-fsl-recognition\dynamic_raw\91\3.MOV,91,RICE,Rice,FOOD,dynamic,unknown,14,True,60.0,243,4.05
091_015,c:\Projects\signia-fsl-recognition\dynamic_raw\91\4.MOV,91,RICE,Rice,FOOD,dynamic,unknown,15,True,60.0,243,4.05
091_016,c:\Projects\signia-fsl-recognition\dynamic_raw\91\5.MOV,91,RICE,Rice,FOOD,dynamic,unknown,16,True,60.0,243,4.05
091_017,c:\Projects\signia-fsl-recognition\dynamic_raw\91\6.MOV,91,RICE,Rice,FOOD,dynamic,unknown,17,True,60.0,243,4.05
091_018,c:\Projects\signia-fsl-recognition\dynamic_raw\91\7.MOV,91,RICE,Rice,FOOD,dynamic,unknown,18,True,60.0,243,4.05
091_019,c:\Projects\signia-fsl-recognition\dynamic_raw\91\8.MOV,91,RICE,Rice,FOOD,dynamic,unknown,19,True,60.0,243,4.05
091_020,c:\Projects\signia-fsl-recognition\dynamic_raw\91\9.MOV,91,RICE,Rice,FOOD,dynamic,unknown,20,True,60.0,243,4.05
092_001,c:\Projects\signia-fsl-recognition\dynamic_raw\92\0.MOV,92,LONGANISA,Longanisa,FOOD,dynamic,unknown,1,True,60.0,243,4.05
092_002,c:\Projects\signia-fsl-recognition\dynamic_raw\92\1.MOV,92,LONGANISA,Longanisa,FOOD,dynamic,unknown,2,True,60.0,243,4.05
092_003,c:\Projects\signia-fsl-recognition\dynamic_raw\92\10.MOV,92,LONGANISA,Longanisa,FOOD,dynamic,unknown,3,True,60.0,245,4.083333333333333
092_004,c:\Projects\signia-fsl-recognition\dynamic_raw\92\11.MOV,92,LONGANISA,Longanisa,FOOD,dynamic,unknown,4,True,60.0,245,4.083333333333333
092_005,c:\Projects\signia-fsl-recognition\dynamic_raw\92\12.MOV,92,LONGANISA,Longanisa,FOOD,dynamic,unknown,5,True,60.0,244,4.066666666666666
092_006,c:\Projects\signia-fsl-recognition\dynamic_raw\92\13.MOV,92,LONGANISA,Longanisa,FOOD,dynamic,unknown,6,True,60.0,244,4.066666666666666
092_007,c:\Projects\signia-fsl-recognition\dynamic_raw\92\14.MOV,92,LONGANISA,Longanisa,FOOD,dynamic,unknown,7,True,60.0,244,4.066666666666666
092_008,c:\Projects\signia-fsl-recognition\dynamic_raw\92\15.MOV,92,LONGANISA,Longanisa,FOOD,dynamic,unknown,8,True,60.0,243,4.05
092_009,c:\Projects\signia-fsl-recognition\dynamic_raw\92\16.MOV,92,LONGANISA,Longanisa,FOOD,dynamic,unknown,9,True,60.0,243,4.05
092_010,c:\Projects\signia-fsl-recognition\dynamic_raw\92\17.MOV,92,LONGANISA,Longanisa,FOOD,dynamic,unknown,10,True,60.0,243,4.05
092_011,c:\Projects\signia-fsl-recognition\dynamic_raw\92\18.MOV,92,LONGANISA,Longanisa,FOOD,dynamic,unknown,11,True,60.0,243,4.05
092_012,c:\Projects\signia-fsl-recognition\dynamic_raw\92\19.MOV,92,LONGANISA,Longanisa,FOOD,dynamic,unknown,12,True,60.0,243,4.05
092_013,c:\Projects\signia-fsl-recognition\dynamic_raw\92\2.MOV,92,LONGANISA,Longanisa,FOOD,dynamic,unknown,13,True,60.0,243,4.05
092_014,c:\Projects\signia-fsl-recognition\dynamic_raw\92\3.MOV,92,LONGANISA,Longanisa,FOOD,dynamic,unknown,14,True,60.0,243,4.05
092_015,c:\Projects\signia-fsl-recognition\dynamic_raw\92\4.MOV,92,LONGANISA,Longanisa,FOOD,dynamic,unknown,15,True,60.0,243,4.05
092_016,c:\Projects\signia-fsl-recognition\dynamic_raw\92\5.MOV,92,LONGANISA,Longanisa,FOOD,dynamic,unknown,16,True,60.0,243,4.05
092_017,c:\Projects\signia-fsl-recognition\dynamic_raw\92\6.MOV,92,LONGANISA,Longanisa,FOOD,dynamic,unknown,17,True,60.0,243,4.05
092_018,c:\Projects\signia-fsl-recognition\dynamic_raw\92\7.MOV,92,LONGANISA,Longanisa,FOOD,dynamic,unknown,18,True,60.0,243,4.05
092_019,c:\Projects\signia-fsl-recognition\dynamic_raw\92\8.MOV,92,LONGANISA,Longanisa,FOOD,dynamic,unknown,19,True,60.0,243,4.05
092_020,c:\Projects\signia-fsl-recognition\dynamic_raw\92\9.MOV,92,LONGANISA,Longanisa,FOOD,dynamic,unknown,20,True,60.0,243,4.05
093_001,c:\Projects\signia-fsl-recognition\dynamic_raw\93\0.MOV,93,SHRIMP,Shrimp,FOOD,dynamic,unknown,1,True,60.0,243,4.05
093_002,c:\Projects\signia-fsl-recognition\dynamic_raw\93\1.MOV,93,SHRIMP,Shrimp,FOOD,dynamic,unknown,2,True,60.0,243,4.05
093_003,c:\Projects\signia-fsl-recognition\dynamic_raw\93\10.MOV,93,SHRIMP,Shrimp,FOOD,dynamic,unknown,3,True,60.0,243,4.05
093_004,c:\Projects\signia-fsl-recognition\dynamic_raw\93\11.MOV,93,SHRIMP,Shrimp,FOOD,dynamic,unknown,4,True,60.0,243,4.05
093_005,c:\Projects\signia-fsl-recognition\dynamic_raw\93\12.MOV,93,SHRIMP,Shrimp,FOOD,dynamic,unknown,5,True,60.0,243,4.05
093_006,c:\Projects\signia-fsl-recognition\dynamic_raw\93\13.MOV,93,SHRIMP,Shrimp,FOOD,dynamic,unknown,6,True,60.0,243,4.05
093_007,c:\Projects\signia-fsl-recognition\dynamic_raw\93\14.MOV,93,SHRIMP,Shrimp,FOOD,dynamic,unknown,7,True,60.0,243,4.05
093_008,c:\Projects\signia-fsl-recognition\dynamic_raw\93\15.MOV,93,SHRIMP,Shrimp,FOOD,dynamic,unknown,8,True,60.0,242,4.033333333333333
093_009,c:\Projects\signia-fsl-recognition\dynamic_raw\93\16.MOV,93,SHRIMP,Shrimp,FOOD,dynamic,unknown,9,True,60.0,242,4.033333333333333
093_010,c:\Projects\signia-fsl-recognition\dynamic_raw\93\17.MOV,93,SHRIMP,Shrimp,FOOD,dynamic,unknown,10,True,60.0,242,4.033333333333333
093_011,c:\Projects\signia-fsl-recognition\dynamic_raw\93\18.MOV,93,SHRIMP,Shrimp,FOOD,dynamic,unknown,11,True,60.0,242,4.033333333333333
093_012,c:\Projects\signia-fsl-recognition\dynamic_raw\93\19.MOV,93,SHRIMP,Shrimp,FOOD,dynamic,unknown,12,True,60.0,242,4.033333333333333
093_013,c:\Projects\signia-fsl-recognition\dynamic_raw\93\2.MOV,93,SHRIMP,Shrimp,FOOD,dynamic,unknown,13,True,60.0,243,4.05
093_014,c:\Projects\signia-fsl-recognition\dynamic_raw\93\3.MOV,93,SHRIMP,Shrimp,FOOD,dynamic,unknown,14,True,60.0,243,4.05
093_015,c:\Projects\signia-fsl-recognition\dynamic_raw\93\4.MOV,93,SHRIMP,Shrimp,FOOD,dynamic,unknown,15,True,60.0,243,4.05
093_016,c:\Projects\signia-fsl-recognition\dynamic_raw\93\5.MOV,93,SHRIMP,Shrimp,FOOD,dynamic,unknown,16,True,60.0,243,4.05
093_017,c:\Projects\signia-fsl-recognition\dynamic_raw\93\6.MOV,93,SHRIMP,Shrimp,FOOD,dynamic,unknown,17,True,60.0,243,4.05
093_018,c:\Projects\signia-fsl-recognition\dynamic_raw\93\7.MOV,93,SHRIMP,Shrimp,FOOD,dynamic,unknown,18,True,60.0,243,4.05
093_019,c:\Projects\signia-fsl-recognition\dynamic_raw\93\8.MOV,93,SHRIMP,Shrimp,FOOD,dynamic,unknown,19,True,60.0,243,4.05
093_020,c:\Projects\signia-fsl-recognition\dynamic_raw\93\9.MOV,93,SHRIMP,Shrimp,FOOD,dynamic,unknown,20,True,60.0,243,4.05
094_001,c:\Projects\signia-fsl-recognition\dynamic_raw\94\0.MOV,94,CRAB,Crab,FOOD,dynamic,unknown,1,True,60.0,243,4.05
094_002,c:\Projects\signia-fsl-recognition\dynamic_raw\94\1.MOV,94,CRAB,Crab,FOOD,dynamic,unknown,2,True,60.0,243,4.05
094_003,c:\Projects\signia-fsl-recognition\dynamic_raw\94\10.MOV,94,CRAB,Crab,FOOD,dynamic,unknown,3,True,60.0,243,4.05
094_004,c:\Projects\signia-fsl-recognition\dynamic_raw\94\11.MOV,94,CRAB,Crab,FOOD,dynamic,unknown,4,True,60.0,243,4.05
094_005,c:\Projects\signia-fsl-recognition\dynamic_raw\94\12.MOV,94,CRAB,Crab,FOOD,dynamic,unknown,5,True,60.0,243,4.05
094_006,c:\Projects\signia-fsl-recognition\dynamic_raw\94\13.MOV,94,CRAB,Crab,FOOD,dynamic,unknown,6,True,60.0,243,4.05
094_007,c:\Projects\signia-fsl-recognition\dynamic_raw\94\14.MOV,94,CRAB,Crab,FOOD,dynamic,unknown,7,True,60.0,243,4.05
094_008,c:\Projects\signia-fsl-recognition\dynamic_raw\94\15.MOV,94,CRAB,Crab,FOOD,dynamic,unknown,8,True,60.0,242,4.033333333333333
094_009,c:\Projects\signia-fsl-recognition\dynamic_raw\94\16.MOV,94,CRAB,Crab,FOOD,dynamic,unknown,9,True,60.0,242,4.033333333333333
094_010,c:\Projects\signia-fsl-recognition\dynamic_raw\94\17.MOV,94,CRAB,Crab,FOOD,dynamic,unknown,10,True,60.0,242,4.033333333333333
094_011,c:\Projects\signia-fsl-recognition\dynamic_raw\94\18.MOV,94,CRAB,Crab,FOOD,dynamic,unknown,11,True,60.0,242,4.033333333333333
094_012,c:\Projects\signia-fsl-recognition\dynamic_raw\94\19.MOV,94,CRAB,Crab,FOOD,dynamic,unknown,12,True,60.0,242,4.033333333333333
094_013,c:\Projects\signia-fsl-recognition\dynamic_raw\94\2.MOV,94,CRAB,Crab,FOOD,dynamic,unknown,13,True,60.0,243,4.05
094_014,c:\Projects\signia-fsl-recognition\dynamic_raw\94\3.MOV,94,CRAB,Crab,FOOD,dynamic,unknown,14,True,60.0,243,4.05
094_015,c:\Projects\signia-fsl-recognition\dynamic_raw\94\4.MOV,94,CRAB,Crab,FOOD,dynamic,unknown,15,True,60.0,243,4.05
094_016,c:\Projects\signia-fsl-recognition\dynamic_raw\94\5.MOV,94,CRAB,Crab,FOOD,dynamic,unknown,16,True,60.0,243,4.05
094_017,c:\Projects\signia-fsl-recognition\dynamic_raw\94\6.MOV,94,CRAB,Crab,FOOD,dynamic,unknown,17,True,60.0,243,4.05
094_018,c:\Projects\signia-fsl-recognition\dynamic_raw\94\7.MOV,94,CRAB,Crab,FOOD,dynamic,unknown,18,True,60.0,243,4.05
094_019,c:\Projects\signia-fsl-recognition\dynamic_raw\94\8.MOV,94,CRAB,Crab,FOOD,dynamic,unknown,19,True,60.0,243,4.05
094_020,c:\Projects\signia-fsl-recognition\dynamic_raw\94\9.MOV,94,CRAB,Crab,FOOD,dynamic,unknown,20,True,60.0,243,4.05
095_001,c:\Projects\signia-fsl-recognition\dynamic_raw\95\0.MOV,95,HOT,Hot,DRINK,dynamic,unknown,1,True,60.0,245,4.083333333333333
095_002,c:\Projects\signia-fsl-recognition\dynamic_raw\95\1.MOV,95,HOT,Hot,DRINK,dynamic,unknown,2,True,60.0,245,4.083333333333333
095_003,c:\Projects\signia-fsl-recognition\dynamic_raw\95\10.MOV,95,HOT,Hot,DRINK,dynamic,unknown,3,True,60.0,245,4.083333333333333
095_004,c:\Projects\signia-fsl-recognition\dynamic_raw\95\11.MOV,95,HOT,Hot,DRINK,dynamic,unknown,4,True,60.0,245,4.083333333333333
095_005,c:\Projects\signia-fsl-recognition\dynamic_raw\95\12.MOV,95,HOT,Hot,DRINK,dynamic,unknown,5,True,60.0,244,4.066666666666666
095_006,c:\Projects\signia-fsl-recognition\dynamic_raw\95\13.MOV,95,HOT,Hot,DRINK,dynamic,unknown,6,True,60.0,244,4.066666666666666
095_007,c:\Projects\signia-fsl-recognition\dynamic_raw\95\14.MOV,95,HOT,Hot,DRINK,dynamic,unknown,7,True,60.0,244,4.066666666666666
095_008,c:\Projects\signia-fsl-recognition\dynamic_raw\95\15.MOV,95,HOT,Hot,DRINK,dynamic,unknown,8,True,60.0,245,4.083333333333333
095_009,c:\Projects\signia-fsl-recognition\dynamic_raw\95\16.MOV,95,HOT,Hot,DRINK,dynamic,unknown,9,True,60.0,245,4.083333333333333
095_010,c:\Projects\signia-fsl-recognition\dynamic_raw\95\17.MOV,95,HOT,Hot,DRINK,dynamic,unknown,10,True,60.0,244,4.066666666666666
095_011,c:\Projects\signia-fsl-recognition\dynamic_raw\95\18.MOV,95,HOT,Hot,DRINK,dynamic,unknown,11,True,60.0,244,4.066666666666666
095_012,c:\Projects\signia-fsl-recognition\dynamic_raw\95\19.MOV,95,HOT,Hot,DRINK,dynamic,unknown,12,True,60.0,244,4.066666666666666
095_013,c:\Projects\signia-fsl-recognition\dynamic_raw\95\2.MOV,95,HOT,Hot,DRINK,dynamic,unknown,13,True,60.0,244,4.066666666666666
095_014,c:\Projects\signia-fsl-recognition\dynamic_raw\95\3.MOV,95,HOT,Hot,DRINK,dynamic,unknown,14,True,60.0,244,4.066666666666666
095_015,c:\Projects\signia-fsl-recognition\dynamic_raw\95\4.MOV,95,HOT,Hot,DRINK,dynamic,unknown,15,True,60.0,244,4.066666666666666
095_016,c:\Projects\signia-fsl-recognition\dynamic_raw\95\5.MOV,95,HOT,Hot,DRINK,dynamic,unknown,16,True,60.0,245,4.083333333333333
095_017,c:\Projects\signia-fsl-recognition\dynamic_raw\95\6.MOV,95,HOT,Hot,DRINK,dynamic,unknown,17,True,60.0,245,4.083333333333333
095_018,c:\Projects\signia-fsl-recognition\dynamic_raw\95\7.MOV,95,HOT,Hot,DRINK,dynamic,unknown,18,True,60.0,244,4.066666666666666
095_019,c:\Projects\signia-fsl-recognition\dynamic_raw\95\8.MOV,95,HOT,Hot,DRINK,dynamic,unknown,19,True,60.0,244,4.066666666666666
095_020,c:\Projects\signia-fsl-recognition\dynamic_raw\95\9.MOV,95,HOT,Hot,DRINK,dynamic,unknown,20,True,60.0,244,4.066666666666666
096_001,c:\Projects\signia-fsl-recognition\dynamic_raw\96\0.MOV,96,COLD,Cold,DRINK,dynamic,unknown,1,True,60.0,244,4.066666666666666
096_002,c:\Projects\signia-fsl-recognition\dynamic_raw\96\1.MOV,96,COLD,Cold,DRINK,dynamic,unknown,2,True,60.0,244,4.066666666666666
096_003,c:\Projects\signia-fsl-recognition\dynamic_raw\96\10.MOV,96,COLD,Cold,DRINK,dynamic,unknown,3,True,60.0,244,4.066666666666666
096_004,c:\Projects\signia-fsl-recognition\dynamic_raw\96\11.MOV,96,COLD,Cold,DRINK,dynamic,unknown,4,True,60.0,244,4.066666666666666
096_005,c:\Projects\signia-fsl-recognition\dynamic_raw\96\12.MOV,96,COLD,Cold,DRINK,dynamic,unknown,5,True,60.0,244,4.066666666666666
096_006,c:\Projects\signia-fsl-recognition\dynamic_raw\96\13.MOV,96,COLD,Cold,DRINK,dynamic,unknown,6,True,60.0,244,4.066666666666666
096_007,c:\Projects\signia-fsl-recognition\dynamic_raw\96\14.MOV,96,COLD,Cold,DRINK,dynamic,unknown,7,True,60.0,244,4.066666666666666
096_008,c:\Projects\signia-fsl-recognition\dynamic_raw\96\15.MOV,96,COLD,Cold,DRINK,dynamic,unknown,8,True,60.0,244,4.066666666666666
096_009,c:\Projects\signia-fsl-recognition\dynamic_raw\96\16.MOV,96,COLD,Cold,DRINK,dynamic,unknown,9,True,60.0,244,4.066666666666666
096_010,c:\Projects\signia-fsl-recognition\dynamic_raw\96\17.MOV,96,COLD,Cold,DRINK,dynamic,unknown,10,True,60.0,244,4.066666666666666
096_011,c:\Projects\signia-fsl-recognition\dynamic_raw\96\18.MOV,96,COLD,Cold,DRINK,dynamic,unknown,11,True,60.0,244,4.066666666666666
096_012,c:\Projects\signia-fsl-recognition\dynamic_raw\96\19.MOV,96,COLD,Cold,DRINK,dynamic,unknown,12,True,60.0,244,4.066666666666666
096_013,c:\Projects\signia-fsl-recognition\dynamic_raw\96\2.MOV,96,COLD,Cold,DRINK,dynamic,unknown,13,True,60.0,244,4.066666666666666
096_014,c:\Projects\signia-fsl-recognition\dynamic_raw\96\20.MOV,96,COLD,Cold,DRINK,dynamic,unknown,14,True,60.0,244,4.066666666666666
096_015,c:\Projects\signia-fsl-recognition\dynamic_raw\96\3.MOV,96,COLD,Cold,DRINK,dynamic,unknown,15,True,60.0,244,4.066666666666666
096_016,c:\Projects\signia-fsl-recognition\dynamic_raw\96\4.MOV,96,COLD,Cold,DRINK,dynamic,unknown,16,True,60.0,244,4.066666666666666
096_017,c:\Projects\signia-fsl-recognition\dynamic_raw\96\5.MOV,96,COLD,Cold,DRINK,dynamic,unknown,17,True,60.0,244,4.066666666666666
096_018,c:\Projects\signia-fsl-recognition\dynamic_raw\96\6.MOV,96,COLD,Cold,DRINK,dynamic,unknown,18,True,60.0,244,4.066666666666666
096_019,c:\Projects\signia-fsl-recognition\dynamic_raw\96\7.MOV,96,COLD,Cold,DRINK,dynamic,unknown,19,True,60.0,244,4.066666666666666
096_020,c:\Projects\signia-fsl-recognition\dynamic_raw\96\8.MOV,96,COLD,Cold,DRINK,dynamic,unknown,20,True,60.0,244,4.066666666666666
096_021,c:\Projects\signia-fsl-recognition\dynamic_raw\96\9.MOV,96,COLD,Cold,DRINK,dynamic,unknown,21,True,60.0,244,4.066666666666666
097_001,c:\Projects\signia-fsl-recognition\dynamic_raw\97\0.MOV,97,JUICE,Juice,DRINK,dynamic,unknown,1,True,60.0,244,4.066666666666666
097_002,c:\Projects\signia-fsl-recognition\dynamic_raw\97\1.MOV,97,JUICE,Juice,DRINK,dynamic,unknown,2,True,60.0,244,4.066666666666666
097_003,c:\Projects\signia-fsl-recognition\dynamic_raw\97\10.MOV,97,JUICE,Juice,DRINK,dynamic,unknown,3,True,60.0,244,4.066666666666666
097_004,c:\Projects\signia-fsl-recognition\dynamic_raw\97\11.MOV,97,JUICE,Juice,DRINK,dynamic,unknown,4,True,60.0,244,4.066666666666666
097_005,c:\Projects\signia-fsl-recognition\dynamic_raw\97\12.MOV,97,JUICE,Juice,DRINK,dynamic,unknown,5,True,60.0,244,4.066666666666666
097_006,c:\Projects\signia-fsl-recognition\dynamic_raw\97\13.MOV,97,JUICE,Juice,DRINK,dynamic,unknown,6,True,60.0,244,4.066666666666666
097_007,c:\Projects\signia-fsl-recognition\dynamic_raw\97\14.MOV,97,JUICE,Juice,DRINK,dynamic,unknown,7,True,60.0,244,4.066666666666666
097_008,c:\Projects\signia-fsl-recognition\dynamic_raw\97\15.MOV,97,JUICE,Juice,DRINK,dynamic,unknown,8,True,60.0,244,4.066666666666666
097_009,c:\Projects\signia-fsl-recognition\dynamic_raw\97\16.MOV,97,JUICE,Juice,DRINK,dynamic,unknown,9,True,60.0,244,4.066666666666666
097_010,c:\Projects\signia-fsl-recognition\dynamic_raw\97\17.MOV,97,JUICE,Juice,DRINK,dynamic,unknown,10,True,60.0,244,4.066666666666666
097_011,c:\Projects\signia-fsl-recognition\dynamic_raw\97\18.MOV,97,JUICE,Juice,DRINK,dynamic,unknown,11,True,60.0,244,4.066666666666666
097_012,c:\Projects\signia-fsl-recognition\dynamic_raw\97\19.MOV,97,JUICE,Juice,DRINK,dynamic,unknown,12,True,60.0,244,4.066666666666666
097_013,c:\Projects\signia-fsl-recognition\dynamic_raw\97\2.MOV,97,JUICE,Juice,DRINK,dynamic,unknown,13,True,60.0,244,4.066666666666666
097_014,c:\Projects\signia-fsl-recognition\dynamic_raw\97\20.MOV,97,JUICE,Juice,DRINK,dynamic,unknown,14,True,60.0,244,4.066666666666666
097_015,c:\Projects\signia-fsl-recognition\dynamic_raw\97\3.MOV,97,JUICE,Juice,DRINK,dynamic,unknown,15,True,60.0,244,4.066666666666666
097_016,c:\Projects\signia-fsl-recognition\dynamic_raw\97\4.MOV,97,JUICE,Juice,DRINK,dynamic,unknown,16,True,60.0,245,4.083333333333333
097_017,c:\Projects\signia-fsl-recognition\dynamic_raw\97\5.MOV,97,JUICE,Juice,DRINK,dynamic,unknown,17,True,60.0,244,4.066666666666666
097_018,c:\Projects\signia-fsl-recognition\dynamic_raw\97\6.MOV,97,JUICE,Juice,DRINK,dynamic,unknown,18,True,60.0,244,4.066666666666666
097_019,c:\Projects\signia-fsl-recognition\dynamic_raw\97\7.MOV,97,JUICE,Juice,DRINK,dynamic,unknown,19,True,60.0,244,4.066666666666666
097_020,c:\Projects\signia-fsl-recognition\dynamic_raw\97\8.MOV,97,JUICE,Juice,DRINK,dynamic,unknown,20,True,60.0,244,4.066666666666666
097_021,c:\Projects\signia-fsl-recognition\dynamic_raw\97\9.MOV,97,JUICE,Juice,DRINK,dynamic,unknown,21,True,60.0,244,4.066666666666666
098_001,c:\Projects\signia-fsl-recognition\dynamic_raw\98\0.MOV,98,MILK,Milk,DRINK,dynamic,unknown,1,True,60.0,244,4.066666666666666
098_002,c:\Projects\signia-fsl-recognition\dynamic_raw\98\1.MOV,98,MILK,Milk,DRINK,dynamic,unknown,2,True,60.0,244,4.066666666666666
098_003,c:\Projects\signia-fsl-recognition\dynamic_raw\98\10.MOV,98,MILK,Milk,DRINK,dynamic,unknown,3,True,60.0,244,4.066666666666666
098_004,c:\Projects\signia-fsl-recognition\dynamic_raw\98\11.MOV,98,MILK,Milk,DRINK,dynamic,unknown,4,True,60.0,244,4.066666666666666
098_005,c:\Projects\signia-fsl-recognition\dynamic_raw\98\12.MOV,98,MILK,Milk,DRINK,dynamic,unknown,5,True,60.0,244,4.066666666666666
098_006,c:\Projects\signia-fsl-recognition\dynamic_raw\98\13.MOV,98,MILK,Milk,DRINK,dynamic,unknown,6,True,60.0,244,4.066666666666666
098_007,c:\Projects\signia-fsl-recognition\dynamic_raw\98\14.MOV,98,MILK,Milk,DRINK,dynamic,unknown,7,True,60.0,244,4.066666666666666
098_008,c:\Projects\signia-fsl-recognition\dynamic_raw\98\15.MOV,98,MILK,Milk,DRINK,dynamic,unknown,8,True,60.0,244,4.066666666666666
098_009,c:\Projects\signia-fsl-recognition\dynamic_raw\98\16.MOV,98,MILK,Milk,DRINK,dynamic,unknown,9,True,60.0,244,4.066666666666666
098_010,c:\Projects\signia-fsl-recognition\dynamic_raw\98\17.MOV,98,MILK,Milk,DRINK,dynamic,unknown,10,True,60.0,244,4.066666666666666
098_011,c:\Projects\signia-fsl-recognition\dynamic_raw\98\18.MOV,98,MILK,Milk,DRINK,dynamic,unknown,11,True,60.0,244,4.066666666666666
098_012,c:\Projects\signia-fsl-recognition\dynamic_raw\98\19.MOV,98,MILK,Milk,DRINK,dynamic,unknown,12,True,60.0,244,4.066666666666666
098_013,c:\Projects\signia-fsl-recognition\dynamic_raw\98\2.MOV,98,MILK,Milk,DRINK,dynamic,unknown,13,True,60.0,244,4.066666666666666
098_014,c:\Projects\signia-fsl-recognition\dynamic_raw\98\3.MOV,98,MILK,Milk,DRINK,dynamic,unknown,14,True,60.0,244,4.066666666666666
098_015,c:\Projects\signia-fsl-recognition\dynamic_raw\98\4.MOV,98,MILK,Milk,DRINK,dynamic,unknown,15,True,60.0,244,4.066666666666666
098_016,c:\Projects\signia-fsl-recognition\dynamic_raw\98\5.MOV,98,MILK,Milk,DRINK,dynamic,unknown,16,True,60.0,244,4.066666666666666
098_017,c:\Projects\signia-fsl-recognition\dynamic_raw\98\6.MOV,98,MILK,Milk,DRINK,dynamic,unknown,17,True,60.0,244,4.066666666666666
098_018,c:\Projects\signia-fsl-recognition\dynamic_raw\98\7.MOV,98,MILK,Milk,DRINK,dynamic,unknown,18,True,60.0,244,4.066666666666666
098_019,c:\Projects\signia-fsl-recognition\dynamic_raw\98\8.MOV,98,MILK,Milk,DRINK,dynamic,unknown,19,True,60.0,244,4.066666666666666
098_020,c:\Projects\signia-fsl-recognition\dynamic_raw\98\9.MOV,98,MILK,Milk,DRINK,dynamic,unknown,20,True,60.0,244,4.066666666666666
099_001,c:\Projects\signia-fsl-recognition\dynamic_raw\99\0.MOV,99,COFFEE,Coffee,DRINK,dynamic,unknown,1,True,60.0,244,4.066666666666666
099_002,c:\Projects\signia-fsl-recognition\dynamic_raw\99\1.MOV,99,COFFEE,Coffee,DRINK,dynamic,unknown,2,True,60.0,244,4.066666666666666
099_003,c:\Projects\signia-fsl-recognition\dynamic_raw\99\10.MOV,99,COFFEE,Coffee,DRINK,dynamic,unknown,3,True,60.0,244,4.066666666666666
099_004,c:\Projects\signia-fsl-recognition\dynamic_raw\99\11.MOV,99,COFFEE,Coffee,DRINK,dynamic,unknown,4,True,60.0,244,4.066666666666666
099_005,c:\Projects\signia-fsl-recognition\dynamic_raw\99\12.MOV,99,COFFEE,Coffee,DRINK,dynamic,unknown,5,True,60.0,244,4.066666666666666
099_006,c:\Projects\signia-fsl-recognition\dynamic_raw\99\13.MOV,99,COFFEE,Coffee,DRINK,dynamic,unknown,6,True,60.0,244,4.066666666666666
099_007,c:\Projects\signia-fsl-recognition\dynamic_raw\99\14.MOV,99,COFFEE,Coffee,DRINK,dynamic,unknown,7,True,60.0,244,4.066666666666666
099_008,c:\Projects\signia-fsl-recognition\dynamic_raw\99\15.MOV,99,COFFEE,Coffee,DRINK,dynamic,unknown,8,True,60.0,244,4.066666666666666
099_009,c:\Projects\signia-fsl-recognition\dynamic_raw\99\16.MOV,99,COFFEE,Coffee,DRINK,dynamic,unknown,9,True,60.0,244,4.066666666666666
099_010,c:\Projects\signia-fsl-recognition\dynamic_raw\99\17.MOV,99,COFFEE,Coffee,DRINK,dynamic,unknown,10,True,60.0,244,4.066666666666666
099_011,c:\Projects\signia-fsl-recognition\dynamic_raw\99\18.MOV,99,COFFEE,Coffee,DRINK,dynamic,unknown,11,True,60.0,244,4.066666666666666
099_012,c:\Projects\signia-fsl-recognition\dynamic_raw\99\19.MOV,99,COFFEE,Coffee,DRINK,dynamic,unknown,12,True,60.0,244,4.066666666666666
099_013,c:\Projects\signia-fsl-recognition\dynamic_raw\99\2.MOV,99,COFFEE,Coffee,DRINK,dynamic,unknown,13,True,60.0,244,4.066666666666666
099_014,c:\Projects\signia-fsl-recognition\dynamic_raw\99\3.MOV,99,COFFEE,Coffee,DRINK,dynamic,unknown,14,True,60.0,244,4.066666666666666
099_015,c:\Projects\signia-fsl-recognition\dynamic_raw\99\4.MOV,99,COFFEE,Coffee,DRINK,dynamic,unknown,15,True,60.0,244,4.066666666666666
099_016,c:\Projects\signia-fsl-recognition\dynamic_raw\99\5.MOV,99,COFFEE,Coffee,DRINK,dynamic,unknown,16,True,60.0,244,4.066666666666666
099_017,c:\Projects\signia-fsl-recognition\dynamic_raw\99\6.MOV,99,COFFEE,Coffee,DRINK,dynamic,unknown,17,True,60.0,244,4.066666666666666
099_018,c:\Projects\signia-fsl-recognition\dynamic_raw\99\7.MOV,99,COFFEE,Coffee,DRINK,dynamic,unknown,18,True,60.0,244,4.066666666666666
099_019,c:\Projects\signia-fsl-recognition\dynamic_raw\99\8.MOV,99,COFFEE,Coffee,DRINK,dynamic,unknown,19,True,60.0,244,4.066666666666666
099_020,c:\Projects\signia-fsl-recognition\dynamic_raw\99\9.MOV,99,COFFEE,Coffee,DRINK,dynamic,unknown,20,True,60.0,244,4.066666666666666
100_001,c:\Projects\signia-fsl-recognition\dynamic_raw\100\0.MOV,100,TEA,Tea,DRINK,dynamic,unknown,1,True,60.0,244,4.066666666666666
100_002,c:\Projects\signia-fsl-recognition\dynamic_raw\100\1.MOV,100,TEA,Tea,DRINK,dynamic,unknown,2,True,60.0,244,4.066666666666666
100_003,c:\Projects\signia-fsl-recognition\dynamic_raw\100\10.MOV,100,TEA,Tea,DRINK,dynamic,unknown,3,True,60.0,244,4.066666666666666
100_004,c:\Projects\signia-fsl-recognition\dynamic_raw\100\11.MOV,100,TEA,Tea,DRINK,dynamic,unknown,4,True,60.0,244,4.066666666666666
100_005,c:\Projects\signia-fsl-recognition\dynamic_raw\100\12.MOV,100,TEA,Tea,DRINK,dynamic,unknown,5,True,60.0,244,4.066666666666666
100_006,c:\Projects\signia-fsl-recognition\dynamic_raw\100\13.MOV,100,TEA,Tea,DRINK,dynamic,unknown,6,True,60.0,244,4.066666666666666
100_007,c:\Projects\signia-fsl-recognition\dynamic_raw\100\14.MOV,100,TEA,Tea,DRINK,dynamic,unknown,7,True,60.0,244,4.066666666666666
100_008,c:\Projects\signia-fsl-recognition\dynamic_raw\100\15.MOV,100,TEA,Tea,DRINK,dynamic,unknown,8,True,60.0,244,4.066666666666666
100_009,c:\Projects\signia-fsl-recognition\dynamic_raw\100\16.MOV,100,TEA,Tea,DRINK,dynamic,unknown,9,True,60.0,244,4.066666666666666
100_010,c:\Projects\signia-fsl-recognition\dynamic_raw\100\17.MOV,100,TEA,Tea,DRINK,dynamic,unknown,10,True,60.0,244,4.066666666666666
100_011,c:\Projects\signia-fsl-recognition\dynamic_raw\100\18.MOV,100,TEA,Tea,DRINK,dynamic,unknown,11,True,60.0,244,4.066666666666666
100_012,c:\Projects\signia-fsl-recognition\dynamic_raw\100\19.MOV,100,TEA,Tea,DRINK,dynamic,unknown,12,True,60.0,244,4.066666666666666
100_013,c:\Projects\signia-fsl-recognition\dynamic_raw\100\2.MOV,100,TEA,Tea,DRINK,dynamic,unknown,13,True,60.0,244,4.066666666666666
100_014,c:\Projects\signia-fsl-recognition\dynamic_raw\100\3.MOV,100,TEA,Tea,DRINK,dynamic,unknown,14,True,60.0,244,4.066666666666666
100_015,c:\Projects\signia-fsl-recognition\dynamic_raw\100\4.MOV,100,TEA,Tea,DRINK,dynamic,unknown,15,True,60.0,244,4.066666666666666
100_016,c:\Projects\signia-fsl-recognition\dynamic_raw\100\5.MOV,100,TEA,Tea,DRINK,dynamic,unknown,16,True,60.0,244,4.066666666666666
100_017,c:\Projects\signia-fsl-recognition\dynamic_raw\100\6.MOV,100,TEA,Tea,DRINK,dynamic,unknown,17,True,60.0,244,4.066666666666666
100_018,c:\Projects\signia-fsl-recognition\dynamic_raw\100\7.MOV,100,TEA,Tea,DRINK,dynamic,unknown,18,True,60.0,244,4.066666666666666
100_019,c:\Projects\signia-fsl-recognition\dynamic_raw\100\8.MOV,100,TEA,Tea,DRINK,dynamic,unknown,19,True,60.0,244,4.066666666666666
100_020,c:\Projects\signia-fsl-recognition\dynamic_raw\100\9.MOV,100,TEA,Tea,DRINK,dynamic,unknown,20,True,60.0,244,4.066666666666666
101_001,c:\Projects\signia-fsl-recognition\dynamic_raw\101\0.MOV,101,BEER,Beer,DRINK,dynamic,unknown,1,True,60.0,243,4.05
101_002,c:\Projects\signia-fsl-recognition\dynamic_raw\101\1.MOV,101,BEER,Beer,DRINK,dynamic,unknown,2,True,60.0,243,4.05
101_003,c:\Projects\signia-fsl-recognition\dynamic_raw\101\10.MOV,101,BEER,Beer,DRINK,dynamic,unknown,3,True,60.0,243,4.05
101_004,c:\Projects\signia-fsl-recognition\dynamic_raw\101\11.MOV,101,BEER,Beer,DRINK,dynamic,unknown,4,True,60.0,243,4.05
101_005,c:\Projects\signia-fsl-recognition\dynamic_raw\101\12.MOV,101,BEER,Beer,DRINK,dynamic,unknown,5,True,60.0,243,4.05
101_006,c:\Projects\signia-fsl-recognition\dynamic_raw\101\13.MOV,101,BEER,Beer,DRINK,dynamic,unknown,6,True,60.0,243,4.05
101_007,c:\Projects\signia-fsl-recognition\dynamic_raw\101\14.MOV,101,BEER,Beer,DRINK,dynamic,unknown,7,True,60.0,243,4.05
101_008,c:\Projects\signia-fsl-recognition\dynamic_raw\101\15.MOV,101,BEER,Beer,DRINK,dynamic,unknown,8,True,60.0,244,4.066666666666666
101_009,c:\Projects\signia-fsl-recognition\dynamic_raw\101\16.MOV,101,BEER,Beer,DRINK,dynamic,unknown,9,True,60.0,244,4.066666666666666
101_010,c:\Projects\signia-fsl-recognition\dynamic_raw\101\17.MOV,101,BEER,Beer,DRINK,dynamic,unknown,10,True,60.0,243,4.05
101_011,c:\Projects\signia-fsl-recognition\dynamic_raw\101\18.MOV,101,BEER,Beer,DRINK,dynamic,unknown,11,True,60.0,243,4.05
101_012,c:\Projects\signia-fsl-recognition\dynamic_raw\101\19.MOV,101,BEER,Beer,DRINK,dynamic,unknown,12,True,60.0,243,4.05
101_013,c:\Projects\signia-fsl-recognition\dynamic_raw\101\2.MOV,101,BEER,Beer,DRINK,dynamic,unknown,13,True,60.0,243,4.05
101_014,c:\Projects\signia-fsl-recognition\dynamic_raw\101\3.MOV,101,BEER,Beer,DRINK,dynamic,unknown,14,True,60.0,243,4.05
101_015,c:\Projects\signia-fsl-recognition\dynamic_raw\101\4.MOV,101,BEER,Beer,DRINK,dynamic,unknown,15,True,60.0,243,4.05
101_016,c:\Projects\signia-fsl-recognition\dynamic_raw\101\5.MOV,101,BEER,Beer,DRINK,dynamic,unknown,16,True,60.0,243,4.05
101_017,c:\Projects\signia-fsl-recognition\dynamic_raw\101\6.MOV,101,BEER,Beer,DRINK,dynamic,unknown,17,True,60.0,243,4.05
101_018,c:\Projects\signia-fsl-recognition\dynamic_raw\101\7.MOV,101,BEER,Beer,DRINK,dynamic,unknown,18,True,60.0,243,4.05
101_019,c:\Projects\signia-fsl-recognition\dynamic_raw\101\8.MOV,101,BEER,Beer,DRINK,dynamic,unknown,19,True,60.0,243,4.05
101_020,c:\Projects\signia-fsl-recognition\dynamic_raw\101\9.MOV,101,BEER,Beer,DRINK,dynamic,unknown,20,True,60.0,243,4.05
102_001,c:\Projects\signia-fsl-recognition\dynamic_raw\102\0.MOV,102,WINE,Wine,DRINK,dynamic,unknown,1,True,60.0,243,4.05
102_002,c:\Projects\signia-fsl-recognition\dynamic_raw\102\1.MOV,102,WINE,Wine,DRINK,dynamic,unknown,2,True,60.0,243,4.05
102_003,c:\Projects\signia-fsl-recognition\dynamic_raw\102\10.MOV,102,WINE,Wine,DRINK,dynamic,unknown,3,True,60.0,243,4.05
102_004,c:\Projects\signia-fsl-recognition\dynamic_raw\102\11.MOV,102,WINE,Wine,DRINK,dynamic,unknown,4,True,60.0,243,4.05
102_005,c:\Projects\signia-fsl-recognition\dynamic_raw\102\12.MOV,102,WINE,Wine,DRINK,dynamic,unknown,5,True,60.0,243,4.05
102_006,c:\Projects\signia-fsl-recognition\dynamic_raw\102\13.MOV,102,WINE,Wine,DRINK,dynamic,unknown,6,True,60.0,243,4.05
102_007,c:\Projects\signia-fsl-recognition\dynamic_raw\102\14.MOV,102,WINE,Wine,DRINK,dynamic,unknown,7,True,60.0,243,4.05
102_008,c:\Projects\signia-fsl-recognition\dynamic_raw\102\15.MOV,102,WINE,Wine,DRINK,dynamic,unknown,8,True,60.0,243,4.05
102_009,c:\Projects\signia-fsl-recognition\dynamic_raw\102\16.MOV,102,WINE,Wine,DRINK,dynamic,unknown,9,True,60.0,243,4.05
102_010,c:\Projects\signia-fsl-recognition\dynamic_raw\102\17.MOV,102,WINE,Wine,DRINK,dynamic,unknown,10,True,60.0,243,4.05
102_011,c:\Projects\signia-fsl-recognition\dynamic_raw\102\18.MOV,102,WINE,Wine,DRINK,dynamic,unknown,11,True,60.0,243,4.05
102_012,c:\Projects\signia-fsl-recognition\dynamic_raw\102\19.MOV,102,WINE,Wine,DRINK,dynamic,unknown,12,True,60.0,243,4.05
102_013,c:\Projects\signia-fsl-recognition\dynamic_raw\102\2.MOV,102,WINE,Wine,DRINK,dynamic,unknown,13,True,60.0,243,4.05
102_014,c:\Projects\signia-fsl-recognition\dynamic_raw\102\3.MOV,102,WINE,Wine,DRINK,dynamic,unknown,14,True,60.0,243,4.05
102_015,c:\Projects\signia-fsl-recognition\dynamic_raw\102\4.MOV,102,WINE,Wine,DRINK,dynamic,unknown,15,True,60.0,243,4.05
102_016,c:\Projects\signia-fsl-recognition\dynamic_raw\102\5.MOV,102,WINE,Wine,DRINK,dynamic,unknown,16,True,60.0,243,4.05
102_017,c:\Projects\signia-fsl-recognition\dynamic_raw\102\6.MOV,102,WINE,Wine,DRINK,dynamic,unknown,17,True,60.0,243,4.05
102_018,c:\Projects\signia-fsl-recognition\dynamic_raw\102\7.MOV,102,WINE,Wine,DRINK,dynamic,unknown,18,True,60.0,243,4.05
102_019,c:\Projects\signia-fsl-recognition\dynamic_raw\102\8.MOV,102,WINE,Wine,DRINK,dynamic,unknown,19,True,60.0,243,4.05
102_020,c:\Projects\signia-fsl-recognition\dynamic_raw\102\9.MOV,102,WINE,Wine,DRINK,dynamic,unknown,20,True,60.0,243,4.05
103_001,c:\Projects\signia-fsl-recognition\dynamic_raw\103\0.MOV,103,SUGAR,Sugar,DRINK,dynamic,unknown,1,True,60.0,243,4.05
103_002,c:\Projects\signia-fsl-recognition\dynamic_raw\103\1.MOV,103,SUGAR,Sugar,DRINK,dynamic,unknown,2,True,60.0,243,4.05
103_003,c:\Projects\signia-fsl-recognition\dynamic_raw\103\10.MOV,103,SUGAR,Sugar,DRINK,dynamic,unknown,3,True,60.0,243,4.05
103_004,c:\Projects\signia-fsl-recognition\dynamic_raw\103\11.MOV,103,SUGAR,Sugar,DRINK,dynamic,unknown,4,True,60.0,243,4.05
103_005,c:\Projects\signia-fsl-recognition\dynamic_raw\103\12.MOV,103,SUGAR,Sugar,DRINK,dynamic,unknown,5,True,60.0,243,4.05
103_006,c:\Projects\signia-fsl-recognition\dynamic_raw\103\13.MOV,103,SUGAR,Sugar,DRINK,dynamic,unknown,6,True,60.0,243,4.05
103_007,c:\Projects\signia-fsl-recognition\dynamic_raw\103\14.MOV,103,SUGAR,Sugar,DRINK,dynamic,unknown,7,True,60.0,243,4.05
103_008,c:\Projects\signia-fsl-recognition\dynamic_raw\103\15.MOV,103,SUGAR,Sugar,DRINK,dynamic,unknown,8,True,60.0,243,4.05
103_009,c:\Projects\signia-fsl-recognition\dynamic_raw\103\16.MOV,103,SUGAR,Sugar,DRINK,dynamic,unknown,9,True,60.0,243,4.05
103_010,c:\Projects\signia-fsl-recognition\dynamic_raw\103\17.MOV,103,SUGAR,Sugar,DRINK,dynamic,unknown,10,True,60.0,243,4.05
103_011,c:\Projects\signia-fsl-recognition\dynamic_raw\103\18.MOV,103,SUGAR,Sugar,DRINK,dynamic,unknown,11,True,60.0,243,4.05
103_012,c:\Projects\signia-fsl-recognition\dynamic_raw\103\19.MOV,103,SUGAR,Sugar,DRINK,dynamic,unknown,12,True,60.0,243,4.05
103_013,c:\Projects\signia-fsl-recognition\dynamic_raw\103\2.MOV,103,SUGAR,Sugar,DRINK,dynamic,unknown,13,True,60.0,243,4.05
103_014,c:\Projects\signia-fsl-recognition\dynamic_raw\103\20.MOV,103,SUGAR,Sugar,DRINK,dynamic,unknown,14,True,60.0,243,4.05
103_015,c:\Projects\signia-fsl-recognition\dynamic_raw\103\3.MOV,103,SUGAR,Sugar,DRINK,dynamic,unknown,15,True,60.0,243,4.05
103_016,c:\Projects\signia-fsl-recognition\dynamic_raw\103\4.MOV,103,SUGAR,Sugar,DRINK,dynamic,unknown,16,True,60.0,243,4.05
103_017,c:\Projects\signia-fsl-recognition\dynamic_raw\103\5.MOV,103,SUGAR,Sugar,DRINK,dynamic,unknown,17,True,60.0,243,4.05
103_018,c:\Projects\signia-fsl-recognition\dynamic_raw\103\6.MOV,103,SUGAR,Sugar,DRINK,dynamic,unknown,18,True,60.0,243,4.05
103_019,c:\Projects\signia-fsl-recognition\dynamic_raw\103\7.MOV,103,SUGAR,Sugar,DRINK,dynamic,unknown,19,True,60.0,243,4.05
103_020,c:\Projects\signia-fsl-recognition\dynamic_raw\103\8.MOV,103,SUGAR,Sugar,DRINK,dynamic,unknown,20,True,60.0,243,4.05
103_021,c:\Projects\signia-fsl-recognition\dynamic_raw\103\9.MOV,103,SUGAR,Sugar,DRINK,dynamic,unknown,21,True,60.0,243,4.05
104_001,c:\Projects\signia-fsl-recognition\dynamic_raw\104\0.MOV,104,NO SUGAR,No Sugar,DRINK,dynamic,unknown,1,True,60.0,243,4.05
104_002,c:\Projects\signia-fsl-recognition\dynamic_raw\104\1.MOV,104,NO SUGAR,No Sugar,DRINK,dynamic,unknown,2,True,60.0,243,4.05
104_003,c:\Projects\signia-fsl-recognition\dynamic_raw\104\10.MOV,104,NO SUGAR,No Sugar,DRINK,dynamic,unknown,3,True,60.0,243,4.05
104_004,c:\Projects\signia-fsl-recognition\dynamic_raw\104\11.MOV,104,NO SUGAR,No Sugar,DRINK,dynamic,unknown,4,True,60.0,243,4.05
104_005,c:\Projects\signia-fsl-recognition\dynamic_raw\104\12.MOV,104,NO SUGAR,No Sugar,DRINK,dynamic,unknown,5,True,60.0,243,4.05
104_006,c:\Projects\signia-fsl-recognition\dynamic_raw\104\13.MOV,104,NO SUGAR,No Sugar,DRINK,dynamic,unknown,6,True,60.0,243,4.05
104_007,c:\Projects\signia-fsl-recognition\dynamic_raw\104\14.MOV,104,NO SUGAR,No Sugar,DRINK,dynamic,unknown,7,True,60.0,243,4.05
104_008,c:\Projects\signia-fsl-recognition\dynamic_raw\104\15.MOV,104,NO SUGAR,No Sugar,DRINK,dynamic,unknown,8,True,60.0,243,4.05
104_009,c:\Projects\signia-fsl-recognition\dynamic_raw\104\16.MOV,104,NO SUGAR,No Sugar,DRINK,dynamic,unknown,9,True,60.0,243,4.05
104_010,c:\Projects\signia-fsl-recognition\dynamic_raw\104\17.MOV,104,NO SUGAR,No Sugar,DRINK,dynamic,unknown,10,True,60.0,243,4.05
104_011,c:\Projects\signia-fsl-recognition\dynamic_raw\104\18.MOV,104,NO SUGAR,No Sugar,DRINK,dynamic,unknown,11,True,60.0,243,4.05
104_012,c:\Projects\signia-fsl-recognition\dynamic_raw\104\19.MOV,104,NO SUGAR,No Sugar,DRINK,dynamic,unknown,12,True,60.0,243,4.05
104_013,c:\Projects\signia-fsl-recognition\dynamic_raw\104\2.MOV,104,NO SUGAR,No Sugar,DRINK,dynamic,unknown,13,True,60.0,243,4.05
104_014,c:\Projects\signia-fsl-recognition\dynamic_raw\104\3.MOV,104,NO SUGAR,No Sugar,DRINK,dynamic,unknown,14,True,60.0,243,4.05
104_015,c:\Projects\signia-fsl-recognition\dynamic_raw\104\4.MOV,104,NO SUGAR,No Sugar,DRINK,dynamic,unknown,15,True,60.0,243,4.05
104_016,c:\Projects\signia-fsl-recognition\dynamic_raw\104\5.MOV,104,NO SUGAR,No Sugar,DRINK,dynamic,unknown,16,True,60.0,243,4.05
104_017,c:\Projects\signia-fsl-recognition\dynamic_raw\104\6.MOV,104,NO SUGAR,No Sugar,DRINK,dynamic,unknown,17,True,60.0,243,4.05
104_018,c:\Projects\signia-fsl-recognition\dynamic_raw\104\7.MOV,104,NO SUGAR,No Sugar,DRINK,dynamic,unknown,18,True,60.0,243,4.05
104_019,c:\Projects\signia-fsl-recognition\dynamic_raw\104\8.MOV,104,NO SUGAR,No Sugar,DRINK,dynamic,unknown,19,True,60.0,243,4.05
104_020,c:\Projects\signia-fsl-recognition\dynamic_raw\104\9.MOV,104,NO SUGAR,No Sugar,DRINK,dynamic,unknown,20,True,60.0,243,4.05
